Sr. no,Date,Open,High,Low,Close,Volume
0,2023-04-03T09:15:00+0530,1607.55,1609.55,1606,1606.65,169821
1,2023-04-03T09:20:00+0530,1606.55,1607.95,1603.4,1607.25,203608
2,2023-04-03T09:25:00+0530,1607.45,1607.65,1604.1,1607,164006
3,2023-04-03T09:30:00+0530,1607,1610.15,1606.7,1609.1,226137
4,2023-04-03T09:35:00+0530,1609.4,1610.4,1607.65,1608.25,138182
5,2023-04-03T09:40:00+0530,1608.2,1612,1608.05,1610.95,71269
6,2023-04-03T09:45:00+0530,1610.55,1615.05,1610.55,1615,79283
7,2023-04-03T09:50:00+0530,1615,1615.55,1611.1,1611.35,148638
8,2023-04-03T09:55:00+0530,1611.3,1614.3,1610.05,1613.65,141478
9,2023-04-03T10:00:00+0530,1613.65,1614.45,1611.35,1612,123131
10,2023-04-03T10:05:00+0530,1611.45,1613.7,1611.35,1612.2,44918
11,2023-04-03T10:10:00+0530,1612.2,1614.75,1612.2,1612.4,95582
12,2023-04-03T10:15:00+0530,1612.4,1612.4,1609.4,1609.8,179004
13,2023-04-03T10:20:00+0530,1609.75,1611.8,1609.75,1611.05,165631
14,2023-04-03T10:25:00+0530,1611.05,1611.5,1608.75,1609.75,114272
15,2023-04-03T10:30:00+0530,1609.65,1610.95,1608.25,1610.5,117732
16,2023-04-03T10:35:00+0530,1610.5,1612.3,1610.45,1611.7,200900
17,2023-04-03T10:40:00+0530,1611.7,1613.15,1607.25,1607.55,512170
18,2023-04-03T10:45:00+0530,1607.45,1609.4,1606.35,1608.6,196511
19,2023-04-03T10:50:00+0530,1608.7,1611.55,1606.5,1608.55,238833
20,2023-04-03T10:55:00+0530,1608.55,1611.15,1606.55,1610.4,358077
21,2023-04-03T11:00:00+0530,1610.35,1610.8,1609.4,1609.85,69046
22,2023-04-03T11:05:00+0530,1609.85,1611.4,1609,1611.15,377342
23,2023-04-03T11:10:00+0530,1611.15,1611.65,1606.6,1606.75,405305
24,2023-04-03T11:15:00+0530,1606.65,1609.9,1606.15,1608.85,219249
25,2023-04-03T11:20:00+0530,1608.8,1609,1607.65,1608.45,29071
26,2023-04-03T11:25:00+0530,1608.3,1610.7,1606.75,1608,455261
27,2023-04-03T11:30:00+0530,1608,1608.5,1602.75,1603.85,699959
28,2023-04-03T11:35:00+0530,1603.8,1605.3,1603.4,1604.55,71335
29,2023-04-03T11:40:00+0530,1604.5,1605.35,1603.4,1603.85,121757
30,2023-04-03T11:45:00+0530,1603.85,1606.4,1603.75,1604.2,311961
31,2023-04-03T11:50:00+0530,1604.5,1609.95,1604.15,1609.95,591908
32,2023-04-03T11:55:00+0530,1610.05,1610.7,1605.25,1605.5,692776
33,2023-04-03T12:00:00+0530,1605.85,1606,1604,1605.25,822256
34,2023-04-03T12:05:00+0530,1605.5,1609.45,1605.1,1608.85,698938
35,2023-04-03T12:10:00+0530,1608.85,1609.85,1607.1,1607.6,142737
36,2023-04-03T12:15:00+0530,1607.55,1609.4,1607,1609.4,138025
37,2023-04-03T12:20:00+0530,1609,1609.5,1606.9,1608,51512
38,2023-04-03T12:25:00+0530,1607.65,1608.2,1603.8,1608.2,669491
39,2023-04-03T12:30:00+0530,1608.2,1608.9,1606.3,1607.6,185386
40,2023-04-03T12:35:00+0530,1607.6,1607.65,1606,1606.75,42892
41,2023-04-03T12:40:00+0530,1606.75,1607.5,1605.6,1606.3,153912
42,2023-04-03T12:45:00+0530,1606.4,1609.35,1606.25,1609.05,493097
43,2023-04-03T12:50:00+0530,1609.05,1612.7,1609.05,1611.2,675455
44,2023-04-03T12:55:00+0530,1611.2,1612.35,1608.5,1608.75,368480
45,2023-04-03T13:00:00+0530,1608.65,1608.75,1605.9,1607.9,542607
46,2023-04-03T13:05:00+0530,1607.9,1610.7,1606.85,1608.55,232696
47,2023-04-03T13:10:00+0530,1608.55,1609.4,1607.75,1609,34072
48,2023-04-03T13:15:00+0530,1609,1609.55,1608,1609,29081
49,2023-04-03T13:20:00+0530,1609.05,1609.4,1608,1608.1,37820
50,2023-04-03T13:25:00+0530,1608.05,1609,1605.5,1605.5,204441
51,2023-04-03T13:30:00+0530,1605.5,1611.2,1605.3,1611.1,519786
52,2023-04-03T13:35:00+0530,1611.1,1611.2,1604.7,1604.7,459748
53,2023-04-03T13:40:00+0530,1604.8,1606.4,1604.25,1606.4,558742
54,2023-04-03T13:45:00+0530,1606.2,1608.15,1605.6,1606.6,597942
55,2023-04-03T13:50:00+0530,1606.6,1607.6,1605.1,1607.55,101841
56,2023-04-03T13:55:00+0530,1607.5,1608.5,1606.2,1607.4,122840
57,2023-04-03T14:00:00+0530,1607.65,1609.8,1605.55,1608.45,143808
58,2023-04-03T14:05:00+0530,1608.55,1609.45,1607,1607.6,114100
59,2023-04-03T14:10:00+0530,1607.6,1611.1,1607.2,1610.9,116600
60,2023-04-03T14:15:00+0530,1611,1611,1607.25,1608.75,106971
61,2023-04-03T14:20:00+0530,1608.75,1611.5,1608.05,1609.7,120824
62,2023-04-03T14:25:00+0530,1609.65,1611,1609.15,1610.45,37349
63,2023-04-03T14:30:00+0530,1610.3,1611.75,1607,1609.5,583887
64,2023-04-03T14:35:00+0530,1608.75,1610.7,1607.2,1609.3,810627
65,2023-04-03T14:40:00+0530,1609.3,1611.7,1607.05,1608.5,708620
66,2023-04-03T14:45:00+0530,1608.5,1611,1606.8,1610.45,351819
67,2023-04-03T14:50:00+0530,1610.35,1610.75,1608.6,1609.6,87646
68,2023-04-03T14:55:00+0530,1609.45,1610.75,1608.45,1609.3,157248
69,2023-04-03T15:00:00+0530,1609.3,1612.3,1608.55,1611.9,313022
70,2023-04-03T15:05:00+0530,1611.85,1612,1609,1609.7,167683
71,2023-04-03T15:10:00+0530,1609.7,1611,1609.4,1610.6,151551
72,2023-04-03T15:15:00+0530,1610.6,1612.35,1609.5,1610,129407
73,2023-04-03T15:20:00+0530,1610.05,1610.65,1608.6,1609.7,100301
74,2023-04-03T15:25:00+0530,1609.9,1611.8,1609,1609.9,70434
75,2023-04-05T09:15:00+0530,1618.6,1634,1616.2,1633,645404
76,2023-04-05T09:20:00+0530,1632.4,1635.15,1631.3,1633.4,423304
77,2023-04-05T09:25:00+0530,1632.9,1642.35,1632.5,1639.5,1200538
78,2023-04-05T09:30:00+0530,1639.8,1641.95,1639.5,1640.8,454714
79,2023-04-05T09:35:00+0530,1640.8,1643,1640.1,1642.05,251401
80,2023-04-05T09:40:00+0530,1642.4,1643.65,1640.35,1642.25,250237
81,2023-04-05T09:45:00+0530,1642.25,1650,1642.25,1650,407431
82,2023-04-05T09:50:00+0530,1649.5,1653.7,1647.5,1650.2,404092
83,2023-04-05T09:55:00+0530,1650.1,1651.8,1647.35,1647.6,302614
84,2023-04-05T10:00:00+0530,1647.6,1651.55,1645.15,1650.8,489263
85,2023-04-05T10:05:00+0530,1650.4,1651,1648,1649.7,111446
86,2023-04-05T10:10:00+0530,1649.7,1652,1648.6,1651.6,405291
87,2023-04-05T10:15:00+0530,1651.55,1652.35,1646.45,1646.45,443158
88,2023-04-05T10:20:00+0530,1646.4,1648,1645.75,1647.5,354102
89,2023-04-05T10:25:00+0530,1647.5,1649.35,1646.5,1648.65,146074
90,2023-04-05T10:30:00+0530,1648.95,1651.55,1647.3,1647.7,630352
91,2023-04-05T10:35:00+0530,1647.7,1649,1647.55,1648.7,128478
92,2023-04-05T10:40:00+0530,1648.75,1649.9,1647,1647.4,213899
93,2023-04-05T10:45:00+0530,1647.4,1647.4,1645.1,1646.05,272699
94,2023-04-05T10:50:00+0530,1646.2,1648.6,1644.8,1645.8,370210
95,2023-04-05T10:55:00+0530,1645.75,1645.95,1643.35,1644.8,540608
96,2023-04-05T11:00:00+0530,1644.8,1645.5,1643.7,1644.8,168704
97,2023-04-05T11:05:00+0530,1644.85,1644.95,1642.55,1643.55,252803
98,2023-04-05T11:10:00+0530,1643.55,1644.65,1643.1,1644.5,45012
99,2023-04-05T11:15:00+0530,1644.65,1647.45,1644.25,1647,259777
100,2023-04-05T11:20:00+0530,1647.05,1649.4,1645.35,1645.45,543254
101,2023-04-05T11:25:00+0530,1645.35,1647.95,1643.65,1647.9,691373
102,2023-04-05T11:30:00+0530,1647.95,1649.2,1647.5,1649.1,304099
103,2023-04-05T11:35:00+0530,1649.3,1649.5,1646.3,1646.55,221052
104,2023-04-05T11:40:00+0530,1646.45,1646.5,1643.1,1643.9,638465
105,2023-04-05T11:45:00+0530,1643.9,1647.05,1643.8,1645.85,245994
106,2023-04-05T11:50:00+0530,1645.7,1646.45,1645.15,1645.95,44187
107,2023-04-05T11:55:00+0530,1645.6,1646.65,1645.55,1645.8,48410
108,2023-04-05T12:00:00+0530,1645.8,1646.1,1645.15,1645.85,34478
109,2023-04-05T12:05:00+0530,1645.9,1646.45,1645.15,1645.15,29149
110,2023-04-05T12:10:00+0530,1645.35,1645.85,1644.05,1645.25,78758
111,2023-04-05T12:15:00+0530,1645.35,1646.95,1644.75,1646.65,122276
112,2023-04-05T12:20:00+0530,1646.7,1648.65,1645.7,1647.55,157993
113,2023-04-05T12:25:00+0530,1647.65,1649,1647.3,1647.3,197457
114,2023-04-05T12:30:00+0530,1647.45,1647.45,1645.9,1646,271796
115,2023-04-05T12:35:00+0530,1646.2,1649.5,1645.55,1649.5,125927
116,2023-04-05T12:40:00+0530,1649.45,1650,1648.35,1649.9,88403
117,2023-04-05T12:45:00+0530,1649.8,1650.85,1648.7,1650.2,130019
118,2023-04-05T12:50:00+0530,1650.25,1651,1649.15,1649.55,65916
119,2023-04-05T12:55:00+0530,1649.5,1651.6,1648.25,1651.1,342298
120,2023-04-05T13:00:00+0530,1651.1,1654,1650,1653.2,224908
121,2023-04-05T13:05:00+0530,1653.25,1655,1652.1,1654.05,149360
122,2023-04-05T13:10:00+0530,1654.8,1656,1652.75,1653.85,160993
123,2023-04-05T13:15:00+0530,1653.9,1654.65,1652.45,1652.9,62140
124,2023-04-05T13:20:00+0530,1652.9,1654.15,1651.05,1652.35,192876
125,2023-04-05T13:25:00+0530,1652.45,1654.95,1651.25,1654.7,266875
126,2023-04-05T13:30:00+0530,1654.95,1655.5,1649.9,1650.15,575279
127,2023-04-05T13:35:00+0530,1650.45,1651,1649.5,1650,122953
128,2023-04-05T13:40:00+0530,1650,1651,1649.5,1649.75,65684
129,2023-04-05T13:45:00+0530,1650,1650.7,1649.05,1649.5,67294
130,2023-04-05T13:50:00+0530,1649.95,1650.9,1648.25,1650.9,205405
131,2023-04-05T13:55:00+0530,1650.65,1651.95,1648.1,1649.85,311952
132,2023-04-05T14:00:00+0530,1650.2,1650.9,1648.85,1650.45,130560
133,2023-04-05T14:05:00+0530,1650.75,1650.75,1649.05,1650.3,122958
134,2023-04-05T14:10:00+0530,1650.3,1652.3,1648.3,1648.3,287287
135,2023-04-05T14:15:00+0530,1648.25,1651,1647.2,1650.65,619242
136,2023-04-05T14:20:00+0530,1650.4,1651.95,1647.35,1650.4,839078
137,2023-04-05T14:25:00+0530,1650.5,1651.5,1649.3,1651.2,56489
138,2023-04-05T14:30:00+0530,1651.25,1653.3,1650.8,1652.6,232450
139,2023-04-05T14:35:00+0530,1652.8,1653.3,1649.55,1650.25,452205
140,2023-04-05T14:40:00+0530,1650.25,1653.4,1648.7,1653.05,454785
141,2023-04-05T14:45:00+0530,1653.05,1653.45,1651.1,1653.4,151091
142,2023-04-05T14:50:00+0530,1653.45,1655.5,1653.4,1655.2,112753
143,2023-04-05T14:55:00+0530,1655.2,1655.4,1654,1654.15,62892
144,2023-04-05T15:00:00+0530,1654.5,1654.5,1652,1653.9,96234
145,2023-04-05T15:05:00+0530,1654,1655.45,1653.05,1653.7,281785
146,2023-04-05T15:10:00+0530,1653.75,1654,1652,1653.35,283461
147,2023-04-05T15:15:00+0530,1653,1654.85,1651.85,1653.9,366212
148,2023-04-05T15:20:00+0530,1653.5,1655.3,1652.05,1654.35,332097
149,2023-04-05T15:25:00+0530,1653.55,1655.1,1652.1,1654,307914
150,2023-04-06T09:15:00+0530,1648.55,1653.35,1648,1651.1,265780
151,2023-04-06T09:20:00+0530,1651.1,1652.75,1648.2,1650,290139
152,2023-04-06T09:25:00+0530,1650.05,1651.7,1649.05,1650.85,183829
153,2023-04-06T09:30:00+0530,1650.85,1652.6,1650,1651.05,392291
154,2023-04-06T09:35:00+0530,1651,1652,1649.6,1650.2,138554
155,2023-04-06T09:40:00+0530,1650.45,1654.9,1650.45,1653.4,281113
156,2023-04-06T09:45:00+0530,1653.3,1653.9,1651.5,1653.9,310507
157,2023-04-06T09:50:00+0530,1653.55,1655.3,1652.2,1653.15,365168
158,2023-04-06T09:55:00+0530,1653.25,1653.8,1653.05,1653.65,34885
159,2023-04-06T10:00:00+0530,1653.55,1660.9,1653.15,1657.95,487637
160,2023-04-06T10:05:00+0530,1658.05,1662.3,1657.8,1660,243485
161,2023-04-06T10:10:00+0530,1660,1660,1657.05,1658.5,258102
162,2023-04-06T10:15:00+0530,1658.95,1659.8,1657.1,1657.65,276626
163,2023-04-06T10:20:00+0530,1657.7,1658.5,1656.9,1658.3,154469
164,2023-04-06T10:25:00+0530,1658.3,1658.8,1656,1656.5,243593
165,2023-04-06T10:30:00+0530,1656.55,1659.6,1656.5,1657.6,259423
166,2023-04-06T10:35:00+0530,1657.3,1658.75,1655.25,1657.3,348811
167,2023-04-06T10:40:00+0530,1657.4,1657.6,1655.3,1655.75,175627
168,2023-04-06T10:45:00+0530,1655.8,1657.85,1653.8,1657.15,535466
169,2023-04-06T10:50:00+0530,1657.15,1657.2,1655.65,1656.8,72275
170,2023-04-06T10:55:00+0530,1656.75,1657.45,1656.1,1656.25,72605
171,2023-04-06T11:00:00+0530,1656.7,1656.95,1655.1,1655.65,45348
172,2023-04-06T11:05:00+0530,1655.2,1658.4,1655.2,1657.9,161556
173,2023-04-06T11:10:00+0530,1657.9,1658.85,1657.35,1658.4,56304
174,2023-04-06T11:15:00+0530,1658.35,1659.9,1656.75,1657,324063
175,2023-04-06T11:20:00+0530,1657.1,1662.95,1656.4,1662.55,607890
176,2023-04-06T11:25:00+0530,1662.5,1663.05,1660.7,1660.85,409102
177,2023-04-06T11:30:00+0530,1660.85,1664,1659.15,1661.9,691188
178,2023-04-06T11:35:00+0530,1661.9,1662.1,1658.5,1660.8,393988
179,2023-04-06T11:40:00+0530,1660.75,1660.95,1659.6,1660.4,59971
180,2023-04-06T11:45:00+0530,1660.4,1662.45,1657.45,1658,454172
181,2023-04-06T11:50:00+0530,1658,1659,1656.7,1657.3,233692
182,2023-04-06T11:55:00+0530,1657.25,1660.5,1656.5,1657.85,790015
183,2023-04-06T12:00:00+0530,1657.7,1659.6,1656.95,1658.55,226625
184,2023-04-06T12:05:00+0530,1658,1658.9,1657,1658.35,85708
185,2023-04-06T12:10:00+0530,1658.35,1659.7,1656.1,1658.55,407852
186,2023-04-06T12:15:00+0530,1658.55,1659.25,1657,1658.75,483255
187,2023-04-06T12:20:00+0530,1658.75,1659.75,1658.05,1658.7,91610
188,2023-04-06T12:25:00+0530,1658.55,1659,1657.7,1658.95,86417
189,2023-04-06T12:30:00+0530,1659,1659.8,1656,1656,179838
190,2023-04-06T12:35:00+0530,1655.9,1659.3,1655.9,1659.3,296488
191,2023-04-06T12:40:00+0530,1659.5,1659.7,1657.05,1657.6,88951
192,2023-04-06T12:45:00+0530,1657.65,1658.8,1655.1,1658.75,501152
193,2023-04-06T12:50:00+0530,1658.7,1659.5,1657.65,1659.35,127270
194,2023-04-06T12:55:00+0530,1659,1659.6,1658.45,1658.75,122573
195,2023-04-06T13:00:00+0530,1658.75,1659,1656.45,1658.7,220405
196,2023-04-06T13:05:00+0530,1658.75,1660.5,1657.8,1657.8,295899
197,2023-04-06T13:10:00+0530,1658,1658.4,1656.8,1656.9,191535
198,2023-04-06T13:15:00+0530,1656.9,1658,1655.8,1657,64583
199,2023-04-06T13:20:00+0530,1657,1659.2,1656,1657.05,348207
200,2023-04-06T13:25:00+0530,1657,1660,1655.7,1660,954470
201,2023-04-06T13:30:00+0530,1660,1661.7,1657.65,1661.35,870168
202,2023-04-06T13:35:00+0530,1661.3,1662.3,1657.65,1657.7,848935
203,2023-04-06T13:40:00+0530,1657.7,1659.1,1656.4,1657.4,285053
204,2023-04-06T13:45:00+0530,1657.4,1657.8,1655.5,1657.15,249486
205,2023-04-06T13:50:00+0530,1657.2,1660.4,1656.5,1657,710597
206,2023-04-06T13:55:00+0530,1657.05,1658.7,1657,1657.65,149059
207,2023-04-06T14:00:00+0530,1657.65,1661,1657.25,1659.15,493263
208,2023-04-06T14:05:00+0530,1659.15,1661.7,1658.95,1660.7,147794
209,2023-04-06T14:10:00+0530,1660.6,1661.6,1658.45,1660.95,150172
210,2023-04-06T14:15:00+0530,1660.95,1663,1660.5,1661.7,282089
211,2023-04-06T14:20:00+0530,1661.7,1664,1661.7,1663.95,197785
212,2023-04-06T14:25:00+0530,1663.9,1665.6,1661.95,1664.8,309220
213,2023-04-06T14:30:00+0530,1664.75,1667.9,1664.4,1667.25,124839
214,2023-04-06T14:35:00+0530,1666.95,1668.75,1663.8,1667.65,493419
215,2023-04-06T14:40:00+0530,1667.65,1668.7,1666.2,1666.45,138559
216,2023-04-06T14:45:00+0530,1666.5,1669.2,1664.55,1669.05,519219
217,2023-04-06T14:50:00+0530,1669,1669.2,1666.8,1667.1,250333
218,2023-04-06T14:55:00+0530,1667.05,1668.8,1667.05,1667.7,147655
219,2023-04-06T15:00:00+0530,1667.75,1667.95,1665.75,1667.6,216445
220,2023-04-06T15:05:00+0530,1667.5,1668.2,1666.75,1666.8,308434
221,2023-04-06T15:10:00+0530,1666.8,1667.25,1665,1665.45,330657
222,2023-04-06T15:15:00+0530,1665.55,1666.1,1664,1665.8,252793
223,2023-04-06T15:20:00+0530,1665.3,1666.9,1664.85,1666.15,112937
224,2023-04-06T15:25:00+0530,1666.2,1666.65,1664.5,1666,151707
225,2023-04-10T09:15:00+0530,1663.25,1667.8,1663,1667.15,229345
226,2023-04-10T09:20:00+0530,1667.4,1668.25,1663.25,1664.15,143388
227,2023-04-10T09:25:00+0530,1664.15,1666,1663.5,1663.55,215658
228,2023-04-10T09:30:00+0530,1663.55,1664.25,1660.65,1660.65,289445
229,2023-04-10T09:35:00+0530,1660.7,1662.8,1659.2,1662.1,224567
230,2023-04-10T09:40:00+0530,1662.35,1664.4,1661.5,1663.8,169191
231,2023-04-10T09:45:00+0530,1663.8,1664,1660.35,1661.25,315732
232,2023-04-10T09:50:00+0530,1661.25,1663.35,1660.5,1661,241322
233,2023-04-10T09:55:00+0530,1660.8,1661,1657.35,1657.85,345664
234,2023-04-10T10:00:00+0530,1658.2,1660.8,1657.65,1660.8,284440
235,2023-04-10T10:05:00+0530,1660.8,1662,1658.25,1658.8,406652
236,2023-04-10T10:10:00+0530,1658.8,1660.85,1658.5,1659.45,520709
237,2023-04-10T10:15:00+0530,1659.45,1660.65,1659.1,1660.15,30506
238,2023-04-10T10:20:00+0530,1660.15,1660.85,1658.55,1658.6,45633
239,2023-04-10T10:25:00+0530,1658.9,1659.85,1658.5,1659,126534
240,2023-04-10T10:30:00+0530,1659.5,1662.5,1658.9,1661.85,202318
241,2023-04-10T10:35:00+0530,1661.85,1663,1659.8,1661.95,218635
242,2023-04-10T10:40:00+0530,1661.8,1663.35,1661.5,1662.6,83689
243,2023-04-10T10:45:00+0530,1662.5,1662.95,1659.35,1659.35,272919
244,2023-04-10T10:50:00+0530,1659.2,1659.85,1657.35,1659.75,285408
245,2023-04-10T10:55:00+0530,1659.6,1659.8,1657.35,1658.85,60642
246,2023-04-10T11:00:00+0530,1658.7,1659.8,1658.4,1659.5,33861
247,2023-04-10T11:05:00+0530,1659.6,1660.65,1658.3,1658.9,276177
248,2023-04-10T11:10:00+0530,1658.95,1662.45,1658.95,1662.2,431630
249,2023-04-10T11:15:00+0530,1662.3,1662.4,1658.85,1659.15,326442
250,2023-04-10T11:20:00+0530,1659.25,1659.85,1658.6,1659.45,215190
251,2023-04-10T11:25:00+0530,1659.45,1660,1658.75,1658.85,256382
252,2023-04-10T11:30:00+0530,1658.9,1660.5,1658.5,1659.05,216855
253,2023-04-10T11:35:00+0530,1659.1,1660.4,1658.9,1660.1,255682
254,2023-04-10T11:40:00+0530,1660.1,1662.9,1660.05,1661.75,362543
255,2023-04-10T11:45:00+0530,1661.75,1662.35,1661,1662,146445
256,2023-04-10T11:50:00+0530,1661.95,1665.5,1661.95,1665.2,126379
257,2023-04-10T11:55:00+0530,1665.25,1666.4,1665,1665.65,78519
258,2023-04-10T12:00:00+0530,1665.6,1667,1664.25,1665.45,303672
259,2023-04-10T12:05:00+0530,1665.65,1667,1665.45,1666.95,44210
260,2023-04-10T12:10:00+0530,1666.95,1667.45,1664.65,1665.1,144078
261,2023-04-10T12:15:00+0530,1665.4,1667.35,1664.25,1667.2,103743
262,2023-04-10T12:20:00+0530,1667.25,1669.65,1667.2,1668.1,180753
263,2023-04-10T12:25:00+0530,1668.1,1670.65,1667.35,1669.05,147302
264,2023-04-10T12:30:00+0530,1668.7,1669.05,1666,1667,269223
265,2023-04-10T12:35:00+0530,1667.15,1670.3,1665.6,1670.2,337204
266,2023-04-10T12:40:00+0530,1670.2,1670.65,1668.7,1669.5,224166
267,2023-04-10T12:45:00+0530,1669.6,1670.9,1668.5,1669.8,63074
268,2023-04-10T12:50:00+0530,1670.35,1670.4,1668.9,1670.35,15562
269,2023-04-10T12:55:00+0530,1669.75,1670.4,1668.75,1669.2,15308
270,2023-04-10T13:00:00+0530,1669.4,1670.95,1668.85,1669.45,54269
271,2023-04-10T13:05:00+0530,1669.4,1670.95,1668.75,1670.25,63192
272,2023-04-10T13:10:00+0530,1670.2,1670.8,1668.25,1668.3,110123
273,2023-04-10T13:15:00+0530,1668.5,1669.7,1667.15,1668.1,284277
274,2023-04-10T13:20:00+0530,1668.05,1670.1,1667.35,1669.6,281735
275,2023-04-10T13:25:00+0530,1669.6,1670.6,1669.1,1669.35,75284
276,2023-04-10T13:30:00+0530,1669.35,1669.95,1667.25,1667.65,207285
277,2023-04-10T13:35:00+0530,1667.65,1669.25,1667,1668.85,351581
278,2023-04-10T13:40:00+0530,1668.95,1669.65,1665.5,1666.5,519669
279,2023-04-10T13:45:00+0530,1666.9,1667,1663.2,1663.65,98696
280,2023-04-10T13:50:00+0530,1663.8,1664.25,1663.05,1663.3,50869
281,2023-04-10T13:55:00+0530,1663.2,1665.5,1661.7,1663.5,421887
282,2023-04-10T14:00:00+0530,1663.5,1665.4,1662.1,1663.45,216420
283,2023-04-10T14:05:00+0530,1663.25,1663.45,1660.4,1661.5,112681
284,2023-04-10T14:10:00+0530,1661.45,1661.5,1658.85,1659.45,139366
285,2023-04-10T14:15:00+0530,1659.45,1659.85,1654.3,1655.75,277503
286,2023-04-10T14:20:00+0530,1655.35,1659.35,1654,1658.5,368675
287,2023-04-10T14:25:00+0530,1658.55,1659.2,1655.3,1658.4,387138
288,2023-04-10T14:30:00+0530,1657.9,1658.4,1655.6,1657.5,94654
289,2023-04-10T14:35:00+0530,1657.5,1660.95,1657,1658,179069
290,2023-04-10T14:40:00+0530,1658,1659.85,1657.25,1659.25,82992
291,2023-04-10T14:45:00+0530,1659.35,1661.5,1658.65,1660,119940
292,2023-04-10T14:50:00+0530,1659.8,1660,1657.25,1658.2,113037
293,2023-04-10T14:55:00+0530,1658.35,1658.5,1656.3,1657.5,122089
294,2023-04-10T15:00:00+0530,1657.5,1660.25,1657.5,1659.45,287564
295,2023-04-10T15:05:00+0530,1659.35,1661.05,1658.25,1659.05,292376
296,2023-04-10T15:10:00+0530,1659.2,1660.95,1655.85,1656.35,587295
297,2023-04-10T15:15:00+0530,1656.35,1659.4,1656.3,1658.4,185166
298,2023-04-10T15:20:00+0530,1658.5,1658.75,1656.15,1657.95,161145
299,2023-04-10T15:25:00+0530,1658.45,1659.15,1655.15,1655.15,250626
300,2023-04-11T09:15:00+0530,1659,1664.75,1652.15,1655.9,597232
301,2023-04-11T09:20:00+0530,1655.9,1658.85,1655.55,1656.9,278503
302,2023-04-11T09:25:00+0530,1656.9,1658.25,1655.55,1657.45,165904
303,2023-04-11T09:30:00+0530,1657.45,1661.35,1656.05,1659.85,255546
304,2023-04-11T09:35:00+0530,1659.55,1660.8,1657,1659.65,212912
305,2023-04-11T09:40:00+0530,1659.65,1661,1657.2,1658.05,215608
306,2023-04-11T09:45:00+0530,1658.15,1661.6,1658,1658.55,696431
307,2023-04-11T09:50:00+0530,1658.5,1661.55,1657.35,1657.5,500200
308,2023-04-11T09:55:00+0530,1657.65,1661.15,1657.5,1660.2,410606
309,2023-04-11T10:00:00+0530,1660.25,1665.8,1658.8,1663.25,684543
310,2023-04-11T10:05:00+0530,1663.55,1666.4,1663.25,1665.25,462689
311,2023-04-11T10:10:00+0530,1665.15,1667.85,1665,1665.9,256220
312,2023-04-11T10:15:00+0530,1665.9,1669,1665.4,1666.25,855245
313,2023-04-11T10:20:00+0530,1666.25,1668,1665.55,1667.05,537229
314,2023-04-11T10:25:00+0530,1667.05,1667.65,1664.85,1665.65,372438
315,2023-04-11T10:30:00+0530,1665.65,1667.5,1665,1665.7,185434
316,2023-04-11T10:35:00+0530,1665.65,1666.7,1665.55,1666,54151
317,2023-04-11T10:40:00+0530,1665.6,1666.4,1664.7,1665.55,56975
318,2023-04-11T10:45:00+0530,1665.7,1666.45,1664.55,1664.8,94362
319,2023-04-11T10:50:00+0530,1664.8,1665,1663,1663.5,181112
320,2023-04-11T10:55:00+0530,1663.05,1663.5,1661.1,1662.15,368304
321,2023-04-11T11:00:00+0530,1662.35,1665.65,1661.7,1665,342409
322,2023-04-11T11:05:00+0530,1665,1666.7,1665,1666,81305
323,2023-04-11T11:10:00+0530,1666,1666.05,1663.25,1664,312889
324,2023-04-11T11:15:00+0530,1664,1665.9,1663.6,1664.95,251029
325,2023-04-11T11:20:00+0530,1664.6,1664.9,1662.2,1664.25,591201
326,2023-04-11T11:25:00+0530,1664.3,1666.45,1664,1664.35,604791
327,2023-04-11T11:30:00+0530,1664.35,1665,1662.35,1662.75,517527
328,2023-04-11T11:35:00+0530,1662.75,1664.3,1662.55,1663.65,103518
329,2023-04-11T11:40:00+0530,1663.7,1664,1661.65,1662.45,248420
330,2023-04-11T11:45:00+0530,1662.45,1662.45,1660.55,1661.05,246698
331,2023-04-11T11:50:00+0530,1661.05,1664.2,1660.75,1662.1,371222
332,2023-04-11T11:55:00+0530,1662.1,1662.85,1660.1,1662,218575
333,2023-04-11T12:00:00+0530,1662,1662.1,1659.95,1660.5,75239
334,2023-04-11T12:05:00+0530,1660.55,1661.45,1660.25,1660.55,49277
335,2023-04-11T12:10:00+0530,1660.55,1662.4,1658.5,1660.15,142441
336,2023-04-11T12:15:00+0530,1659.7,1662.85,1659.5,1661.5,375702
337,2023-04-11T12:20:00+0530,1661.5,1662.85,1659.5,1659.6,487643
338,2023-04-11T12:25:00+0530,1659.55,1660.7,1659.5,1660.2,78166
339,2023-04-11T12:30:00+0530,1660.7,1662,1660,1661.25,221941
340,2023-04-11T12:35:00+0530,1661.25,1662.7,1660.55,1661.65,234270
341,2023-04-11T12:40:00+0530,1661.5,1661.9,1660.15,1660.5,193058
342,2023-04-11T12:45:00+0530,1660.45,1661.4,1659.05,1660.7,231688
343,2023-04-11T12:50:00+0530,1660.45,1662.85,1660.4,1661.85,119312
344,2023-04-11T12:55:00+0530,1661.8,1662.95,1661.4,1661.95,98514
345,2023-04-11T13:00:00+0530,1661.95,1662,1660.8,1660.95,91672
346,2023-04-11T13:05:00+0530,1661,1663.5,1660.1,1661.3,321236
347,2023-04-11T13:10:00+0530,1661.1,1662.45,1660.95,1662.25,53692
348,2023-04-11T13:15:00+0530,1661.9,1663.65,1661.9,1663.6,50947
349,2023-04-11T13:20:00+0530,1663.6,1664.7,1662.3,1664.55,156450
350,2023-04-11T13:25:00+0530,1664.55,1665,1663,1663.5,204638
351,2023-04-11T13:30:00+0530,1663.55,1664.7,1662.45,1662.75,246858
352,2023-04-11T13:35:00+0530,1662.7,1663.35,1661,1661.3,490522
353,2023-04-11T13:40:00+0530,1661.35,1662.5,1659.75,1660.5,396948
354,2023-04-11T13:45:00+0530,1660.5,1662.2,1659.7,1661.3,373401
355,2023-04-11T13:50:00+0530,1661.1,1663.95,1660.2,1661.2,504846
356,2023-04-11T13:55:00+0530,1661.2,1664.45,1661.1,1662.65,280370
357,2023-04-11T14:00:00+0530,1662.6,1663.55,1661.5,1662.55,173971
358,2023-04-11T14:05:00+0530,1662.55,1664.45,1662.5,1663.6,133249
359,2023-04-11T14:10:00+0530,1663.55,1664.45,1662.85,1663,118831
360,2023-04-11T14:15:00+0530,1662.8,1664.4,1662.7,1662.75,136693
361,2023-04-11T14:20:00+0530,1662.75,1664.65,1662.75,1663,283938
362,2023-04-11T14:25:00+0530,1662.95,1663.35,1661.45,1661.75,332644
363,2023-04-11T14:30:00+0530,1661.8,1665.3,1661.2,1664.05,549384
364,2023-04-11T14:35:00+0530,1664,1665.25,1662.2,1662.7,195008
365,2023-04-11T14:40:00+0530,1662.6,1665.4,1662.6,1663.55,190084
366,2023-04-11T14:45:00+0530,1663.5,1664.7,1662.65,1664.25,134711
367,2023-04-11T14:50:00+0530,1664.7,1665.5,1663.5,1665.45,137490
368,2023-04-11T14:55:00+0530,1665.35,1665.65,1663.35,1664.45,227994
369,2023-04-11T15:00:00+0530,1664.05,1664.8,1662.8,1664.05,151121
370,2023-04-11T15:05:00+0530,1664.25,1664.5,1663,1663.45,191838
371,2023-04-11T15:10:00+0530,1663.75,1663.75,1661.3,1662.9,339983
372,2023-04-11T15:15:00+0530,1662.55,1664.65,1661.85,1662.9,326928
373,2023-04-11T15:20:00+0530,1662.7,1664.5,1662.5,1663.9,316530
374,2023-04-11T15:25:00+0530,1663.7,1664.95,1662.95,1664.95,184167
375,2023-04-12T09:15:00+0530,1668,1672.6,1667.95,1669.3,625736
376,2023-04-12T09:20:00+0530,1669,1675.7,1669,1674.85,250866
377,2023-04-12T09:25:00+0530,1674.95,1675.9,1672.6,1672.95,307388
378,2023-04-12T09:30:00+0530,1672.9,1678.15,1672.9,1677.95,540659
379,2023-04-12T09:35:00+0530,1677.8,1679,1676.4,1676.6,199415
380,2023-04-12T09:40:00+0530,1676.6,1677.05,1673.25,1675.85,546143
381,2023-04-12T09:45:00+0530,1676.55,1677.25,1675,1677.15,109005
382,2023-04-12T09:50:00+0530,1677.15,1678.15,1673.05,1676.5,924590
383,2023-04-12T09:55:00+0530,1676.8,1676.95,1675.3,1675.8,94715
384,2023-04-12T10:00:00+0530,1675.75,1676.35,1674.4,1676.35,215417
385,2023-04-12T10:05:00+0530,1676.4,1676.7,1674.85,1675.15,189692
386,2023-04-12T10:10:00+0530,1675.15,1676.55,1674.3,1675.45,116797
387,2023-04-12T10:15:00+0530,1675.5,1676.4,1674.15,1676.4,153756
388,2023-04-12T10:20:00+0530,1677,1677,1675.35,1675.95,106797
389,2023-04-12T10:25:00+0530,1675.9,1675.95,1675,1675.75,43225
390,2023-04-12T10:30:00+0530,1675.5,1676.85,1675.2,1676.45,51353
391,2023-04-12T10:35:00+0530,1676.5,1677,1675,1675.75,155365
392,2023-04-12T10:40:00+0530,1675.45,1676.95,1675,1676.55,143606
393,2023-04-12T10:45:00+0530,1676.2,1676.8,1674.95,1675.65,138111
394,2023-04-12T10:50:00+0530,1675.65,1677,1674.8,1675.45,166737
395,2023-04-12T10:55:00+0530,1675.5,1677.3,1674.65,1677.05,100753
396,2023-04-12T11:00:00+0530,1677.2,1679.85,1677.15,1679.5,306939
397,2023-04-12T11:05:00+0530,1679.6,1680.45,1678.4,1679.2,225937
398,2023-04-12T11:10:00+0530,1679.05,1679.85,1677.7,1678.8,331465
399,2023-04-12T11:15:00+0530,1678.85,1679.55,1676.2,1677.7,662613
400,2023-04-12T11:20:00+0530,1677.65,1678.75,1675.85,1678.5,494484
401,2023-04-12T11:25:00+0530,1678.5,1679.5,1678.5,1679.25,66484
402,2023-04-12T11:30:00+0530,1679.25,1680.35,1679.1,1679.1,82944
403,2023-04-12T11:35:00+0530,1679.15,1679.8,1679.05,1679.7,36705
404,2023-04-12T11:40:00+0530,1679.75,1679.8,1678.5,1679.5,40463
405,2023-04-12T11:45:00+0530,1679.45,1679.6,1677.3,1679.15,81128
406,2023-04-12T11:50:00+0530,1679.05,1680.3,1677.4,1679.65,174942
407,2023-04-12T11:55:00+0530,1679.65,1680.35,1678.85,1680.1,187019
408,2023-04-12T12:00:00+0530,1679.25,1680.3,1678.3,1680,190425
409,2023-04-12T12:05:00+0530,1680,1680.05,1678.4,1678.95,147217
410,2023-04-12T12:10:00+0530,1678.9,1680.1,1678.8,1679.85,57418
411,2023-04-12T12:15:00+0530,1679.75,1680.85,1679.75,1680.3,100734
412,2023-04-12T12:20:00+0530,1680.35,1682,1680.1,1681.6,76732
413,2023-04-12T12:25:00+0530,1681.6,1682.55,1681.35,1682.55,154782
414,2023-04-12T12:30:00+0530,1682.65,1683.85,1681.8,1681.8,242901
415,2023-04-12T12:35:00+0530,1681.85,1681.85,1679.85,1680.35,238838
416,2023-04-12T12:40:00+0530,1680.45,1680.7,1679.9,1679.9,54317
417,2023-04-12T12:45:00+0530,1679.95,1680.95,1679.5,1680.5,29842
418,2023-04-12T12:50:00+0530,1680.45,1680.95,1680,1680.85,15704
419,2023-04-12T12:55:00+0530,1680.8,1680.9,1679.1,1679.1,62303
420,2023-04-12T13:00:00+0530,1679.1,1679.5,1677.7,1678.6,101313
421,2023-04-12T13:05:00+0530,1678.6,1681.85,1677.85,1681.4,293394
422,2023-04-12T13:10:00+0530,1681.4,1682,1680,1681.9,175687
423,2023-04-12T13:15:00+0530,1681.6,1683.7,1681.05,1683.45,295365
424,2023-04-12T13:20:00+0530,1683.5,1684.4,1682.6,1683,138191
425,2023-04-12T13:25:00+0530,1683.25,1683.8,1682.6,1682.9,105356
426,2023-04-12T13:30:00+0530,1683,1686.6,1682.65,1685.3,304129
427,2023-04-12T13:35:00+0530,1685.1,1687,1684.6,1687,52618
428,2023-04-12T13:40:00+0530,1686.55,1687,1685.4,1686.15,56149
429,2023-04-12T13:45:00+0530,1686.15,1687.5,1685.65,1686.85,65024
430,2023-04-12T13:50:00+0530,1687.15,1687.15,1684.25,1684.9,111956
431,2023-04-12T13:55:00+0530,1684.85,1688.1,1684.85,1687.5,203270
432,2023-04-12T14:00:00+0530,1687.65,1688.1,1685.95,1686.35,152099
433,2023-04-12T14:05:00+0530,1686.35,1686.4,1684.75,1685.45,66333
434,2023-04-12T14:10:00+0530,1685.45,1686.7,1684.5,1686.7,93708
435,2023-04-12T14:15:00+0530,1686.6,1687.2,1684.85,1685.85,134890
436,2023-04-12T14:20:00+0530,1685.85,1686,1684,1685.55,121473
437,2023-04-12T14:25:00+0530,1685.55,1686.3,1684.65,1684.95,137783
438,2023-04-12T14:30:00+0530,1684.95,1685.5,1683.45,1684.25,77051
439,2023-04-12T14:35:00+0530,1684,1684.45,1682.1,1684.2,124736
440,2023-04-12T14:40:00+0530,1684.15,1685.15,1683.75,1684.35,86627
441,2023-04-12T14:45:00+0530,1684.35,1685,1684,1684.35,100954
442,2023-04-12T14:50:00+0530,1684.35,1684.5,1682.5,1682.55,89938
443,2023-04-12T14:55:00+0530,1682.5,1684.7,1681.95,1684.7,227700
444,2023-04-12T15:00:00+0530,1684.7,1685.65,1682.55,1682.95,179588
445,2023-04-12T15:05:00+0530,1682.95,1683.9,1682.7,1683.45,47651
446,2023-04-12T15:10:00+0530,1683.35,1685.9,1682,1684.2,169756
447,2023-04-12T15:15:00+0530,1683.95,1687.1,1683.35,1686.85,105506
448,2023-04-12T15:20:00+0530,1686.85,1687.5,1683.75,1684.3,254180
449,2023-04-12T15:25:00+0530,1684.3,1685.95,1683.55,1685,80823
450,2023-04-13T09:15:00+0530,1688.3,1689.7,1682.6,1683.45,436903
451,2023-04-13T09:20:00+0530,1683.45,1689.9,1683.25,1689.4,288460
452,2023-04-13T09:25:00+0530,1689.4,1691,1685.4,1687.1,369290
453,2023-04-13T09:30:00+0530,1687.1,1688.85,1685.7,1687.65,125310
454,2023-04-13T09:35:00+0530,1687.2,1688.9,1687.15,1687.95,109816
455,2023-04-13T09:40:00+0530,1687.95,1689.4,1687.2,1687.6,76311
456,2023-04-13T09:45:00+0530,1687.6,1690.15,1687.5,1688.3,265832
457,2023-04-13T09:50:00+0530,1688.3,1689.9,1688,1689.5,281247
458,2023-04-13T09:55:00+0530,1689.4,1689.9,1688,1689.35,199555
459,2023-04-13T10:00:00+0530,1689.35,1689.6,1688.2,1688.75,26935
460,2023-04-13T10:05:00+0530,1688.75,1689.4,1687.35,1688.55,188120
461,2023-04-13T10:10:00+0530,1688.55,1688.8,1686.8,1688.05,158300
462,2023-04-13T10:15:00+0530,1688.2,1689.15,1686.05,1686.75,338989
463,2023-04-13T10:20:00+0530,1686.85,1690,1686.8,1689,522189
464,2023-04-13T10:25:00+0530,1689,1690,1688.15,1688.5,220965
465,2023-04-13T10:30:00+0530,1688.45,1690.1,1688,1689.5,250118
466,2023-04-13T10:35:00+0530,1689.5,1689.8,1688.5,1688.7,74450
467,2023-04-13T10:40:00+0530,1688.7,1688.85,1687.65,1688,74273
468,2023-04-13T10:45:00+0530,1687.75,1688.1,1684.55,1685.6,349902
469,2023-04-13T10:50:00+0530,1686,1687.25,1685.4,1686,224706
470,2023-04-13T10:55:00+0530,1686,1687.5,1686,1687.4,136098
471,2023-04-13T11:00:00+0530,1687.55,1688.2,1683.85,1684.3,405077
472,2023-04-13T11:05:00+0530,1684.25,1684.4,1681.25,1683.35,201050
473,2023-04-13T11:10:00+0530,1683.35,1683.8,1678.65,1680,328819
474,2023-04-13T11:15:00+0530,1680,1683.15,1678.15,1683.15,361512
475,2023-04-13T11:20:00+0530,1683,1683.95,1680.6,1680.85,211316
476,2023-04-13T11:25:00+0530,1680.85,1681.4,1679.15,1680.35,222149
477,2023-04-13T11:30:00+0530,1680.25,1682.3,1679.5,1681.1,99084
478,2023-04-13T11:35:00+0530,1681.45,1684.95,1681,1684.4,83132
479,2023-04-13T11:40:00+0530,1684.4,1684.95,1683.7,1684.9,36773
480,2023-04-13T11:45:00+0530,1684.9,1685.15,1684.1,1684.95,82422
481,2023-04-13T11:50:00+0530,1684.95,1687.15,1684.95,1686.5,94232
482,2023-04-13T11:55:00+0530,1686.55,1690.4,1686.5,1690.35,166865
483,2023-04-13T12:00:00+0530,1690.35,1690.35,1686.1,1686.45,199517
484,2023-04-13T12:05:00+0530,1686.4,1687.85,1686.25,1686.25,77345
485,2023-04-13T12:10:00+0530,1686.4,1686.4,1685.3,1685.5,34425
486,2023-04-13T12:15:00+0530,1685.5,1685.5,1682.1,1682.1,76475
487,2023-04-13T12:20:00+0530,1682.15,1683.95,1681.4,1682.5,121328
488,2023-04-13T12:25:00+0530,1682.5,1683,1681.2,1681.6,226869
489,2023-04-13T12:30:00+0530,1681.75,1682.4,1680.75,1680.85,187137
490,2023-04-13T12:35:00+0530,1681,1684.4,1680.35,1683.5,285291
491,2023-04-13T12:40:00+0530,1683.5,1686.25,1683.5,1686.05,73603
492,2023-04-13T12:45:00+0530,1685.65,1686.9,1684.15,1684.65,81441
493,2023-04-13T12:50:00+0530,1684.7,1685.65,1683.6,1685.2,116370
494,2023-04-13T12:55:00+0530,1685.5,1688.2,1685.2,1688,123177
495,2023-04-13T13:00:00+0530,1688.3,1688.45,1684.8,1684.85,97998
496,2023-04-13T13:05:00+0530,1684.8,1685,1682.25,1682.3,134336
497,2023-04-13T13:10:00+0530,1682.3,1682.35,1680,1680.05,212284
498,2023-04-13T13:15:00+0530,1680,1682.55,1679.45,1682.55,210399
499,2023-04-13T13:20:00+0530,1682.55,1683.55,1681.6,1682.5,321808
500,2023-04-13T13:25:00+0530,1682.05,1682.75,1680.1,1681.35,86764
501,2023-04-13T13:30:00+0530,1681.4,1683.7,1681.15,1683.15,61188
502,2023-04-13T13:35:00+0530,1683.5,1684.5,1682,1683.95,126303
503,2023-04-13T13:40:00+0530,1684,1685,1683.95,1684,143826
504,2023-04-13T13:45:00+0530,1684.7,1684.7,1682.2,1683,85066
505,2023-04-13T13:50:00+0530,1683.1,1685.85,1681.85,1685.4,299181
506,2023-04-13T13:55:00+0530,1685.55,1686.85,1682.9,1685.35,545163
507,2023-04-13T14:00:00+0530,1685.45,1686.75,1684.3,1686.1,104303
508,2023-04-13T14:05:00+0530,1686.45,1686.5,1684.5,1685.3,81641
509,2023-04-13T14:10:00+0530,1685.45,1686.35,1682.5,1682.75,356476
510,2023-04-13T14:15:00+0530,1682.75,1687.5,1682.15,1686.5,480727
511,2023-04-13T14:20:00+0530,1686.5,1688.3,1685.1,1686.65,306291
512,2023-04-13T14:25:00+0530,1686.55,1688.45,1685.55,1687.3,361184
513,2023-04-13T14:30:00+0530,1687.5,1689.6,1686.9,1687.9,273072
514,2023-04-13T14:35:00+0530,1687.9,1688,1686.05,1687.4,355273
515,2023-04-13T14:40:00+0530,1687.5,1687.75,1685,1686.1,758564
516,2023-04-13T14:45:00+0530,1686.1,1689.1,1686.1,1687.65,370305
517,2023-04-13T14:50:00+0530,1687.65,1690,1687.65,1689.9,477720
518,2023-04-13T14:55:00+0530,1690,1691.95,1689.5,1690.2,356688
519,2023-04-13T15:00:00+0530,1690.3,1693.1,1687.85,1691.2,572727
520,2023-04-13T15:05:00+0530,1691.35,1694.45,1690.3,1690.65,688390
521,2023-04-13T15:10:00+0530,1691,1693.9,1689.8,1693.65,331832
522,2023-04-13T15:15:00+0530,1693.8,1693.95,1691.4,1693.3,275295
523,2023-04-13T15:20:00+0530,1693.5,1695,1692.75,1695,263443
524,2023-04-13T15:25:00+0530,1694.5,1697.05,1694.5,1695,171042
525,2023-04-17T09:15:00+0530,1720,1720,1669.25,1670.25,1963531
526,2023-04-17T09:20:00+0530,1670.4,1676.4,1668.75,1672.05,598273
527,2023-04-17T09:25:00+0530,1672.15,1673.55,1666.1,1669.5,346879
528,2023-04-17T09:30:00+0530,1668.65,1670.2,1666,1667.7,420861
529,2023-04-17T09:35:00+0530,1667.35,1670.9,1664.65,1669.45,376960
530,2023-04-17T09:40:00+0530,1669.45,1670,1666,1666,303420
531,2023-04-17T09:45:00+0530,1666.1,1667.9,1663.1,1664.2,362949
532,2023-04-17T09:50:00+0530,1665,1665.05,1656.55,1658.45,511364
533,2023-04-17T09:55:00+0530,1658,1659.5,1654.05,1655.65,164030
534,2023-04-17T10:00:00+0530,1655.4,1658.15,1653.5,1657.4,101424
535,2023-04-17T10:05:00+0530,1657.25,1661,1656.35,1659.95,178959
536,2023-04-17T10:10:00+0530,1659.45,1660.45,1658.2,1660.05,65345
537,2023-04-17T10:15:00+0530,1660.4,1663.3,1660,1662.35,99251
538,2023-04-17T10:20:00+0530,1662.7,1666,1662.2,1665.95,76434
539,2023-04-17T10:25:00+0530,1665.85,1667,1664,1665,146552
540,2023-04-17T10:30:00+0530,1665.6,1666,1662.55,1663.4,273625
541,2023-04-17T10:35:00+0530,1663.5,1666,1663.15,1664.65,103256
542,2023-04-17T10:40:00+0530,1664.4,1667.55,1664,1667.25,62203
543,2023-04-17T10:45:00+0530,1667.25,1669.9,1667.25,1667.8,155532
544,2023-04-17T10:50:00+0530,1667.8,1670.3,1665.1,1666.25,646790
545,2023-04-17T10:55:00+0530,1666.75,1667.8,1663,1663.55,181162
546,2023-04-17T11:00:00+0530,1663.55,1664.6,1661.15,1661.25,134631
547,2023-04-17T11:05:00+0530,1661.45,1662.9,1660.6,1662.3,61387
548,2023-04-17T11:10:00+0530,1662.25,1662.95,1660.45,1660.55,74098
549,2023-04-17T11:15:00+0530,1660.75,1662.95,1659.4,1661.1,158190
550,2023-04-17T11:20:00+0530,1661.35,1661.4,1657.85,1659.85,175404
551,2023-04-17T11:25:00+0530,1659.85,1661.35,1658.3,1659,200665
552,2023-04-17T11:30:00+0530,1658.65,1661.35,1658.4,1660.05,82237
553,2023-04-17T11:35:00+0530,1660.05,1660.9,1659.3,1660.35,45245
554,2023-04-17T11:40:00+0530,1660.35,1663,1660,1661.85,68777
555,2023-04-17T11:45:00+0530,1662.05,1664,1661.75,1663.3,58318
556,2023-04-17T11:50:00+0530,1663.3,1663.3,1660.5,1661.8,116534
557,2023-04-17T11:55:00+0530,1662,1662.9,1660.85,1661.8,94269
558,2023-04-17T12:00:00+0530,1661.8,1662.4,1660.6,1661.75,141484
559,2023-04-17T12:05:00+0530,1661.8,1662.6,1660.4,1661.6,325960
560,2023-04-17T12:10:00+0530,1661.4,1663.25,1660.8,1660.8,80134
561,2023-04-17T12:15:00+0530,1660.8,1662,1659.8,1661.45,297056
562,2023-04-17T12:20:00+0530,1661.45,1663.5,1660.45,1663.3,110440
563,2023-04-17T12:25:00+0530,1663.35,1665.45,1663.1,1664.35,106661
564,2023-04-17T12:30:00+0530,1664.35,1665.05,1661.3,1664.55,307128
565,2023-04-17T12:35:00+0530,1664.55,1665.5,1663.15,1665.25,183147
566,2023-04-17T12:40:00+0530,1665.25,1666.4,1664.5,1666.2,106577
567,2023-04-17T12:45:00+0530,1666.3,1668.35,1666,1667.85,77711
568,2023-04-17T12:50:00+0530,1667.55,1668,1666.25,1667.55,59763
569,2023-04-17T12:55:00+0530,1667.55,1669.2,1666.8,1667.7,73596
570,2023-04-17T13:00:00+0530,1667.7,1667.7,1664.5,1664.75,64690
571,2023-04-17T13:05:00+0530,1664.75,1666,1663.5,1665.8,67558
572,2023-04-17T13:10:00+0530,1665.8,1667,1665.3,1666.6,44864
573,2023-04-17T13:15:00+0530,1666.55,1666.55,1662,1663,289161
574,2023-04-17T13:20:00+0530,1662.3,1668.45,1662.3,1666,574976
575,2023-04-17T13:25:00+0530,1665.3,1666,1662.25,1664.6,301073
576,2023-04-17T13:30:00+0530,1664.8,1665.45,1663.65,1664.8,51701
577,2023-04-17T13:35:00+0530,1664.8,1665.15,1664.2,1665,52635
578,2023-04-17T13:40:00+0530,1665,1667.2,1664.55,1666.95,64543
579,2023-04-17T13:45:00+0530,1667,1667.95,1665.15,1666.7,106955
580,2023-04-17T13:50:00+0530,1666.75,1667.75,1666.05,1666.65,203126
581,2023-04-17T13:55:00+0530,1666.5,1667.2,1663.8,1666.7,257085
582,2023-04-17T14:00:00+0530,1666.7,1666.9,1662.7,1663.35,345909
583,2023-04-17T14:05:00+0530,1663.85,1665.6,1663.2,1663.75,166289
584,2023-04-17T14:10:00+0530,1663.65,1666.5,1663.6,1665.5,90530
585,2023-04-17T14:15:00+0530,1665.5,1666,1664.8,1665.35,87985
586,2023-04-17T14:20:00+0530,1665.35,1665.8,1663.85,1665.3,70086
587,2023-04-17T14:25:00+0530,1665.3,1665.9,1664.95,1665.1,49485
588,2023-04-17T14:30:00+0530,1665,1666,1664.9,1665.5,63870
589,2023-04-17T14:35:00+0530,1665.5,1666,1663.7,1664.9,71537
590,2023-04-17T14:40:00+0530,1664.95,1666.5,1661.6,1665.5,436665
591,2023-04-17T14:45:00+0530,1665.5,1666.9,1663.8,1663.8,98878
592,2023-04-17T14:50:00+0530,1663.75,1666.3,1663.55,1665.25,213695
593,2023-04-17T14:55:00+0530,1665.25,1666.3,1664,1664.35,187782
594,2023-04-17T15:00:00+0530,1664.85,1666.95,1664.6,1666.45,203023
595,2023-04-17T15:05:00+0530,1666.4,1668.1,1666.1,1667.95,108456
596,2023-04-17T15:10:00+0530,1667.9,1670,1667.1,1669.65,141243
597,2023-04-17T15:15:00+0530,1669.45,1670,1667.05,1667.95,217522
598,2023-04-17T15:20:00+0530,1668,1668,1663.6,1665.35,352918
599,2023-04-17T15:25:00+0530,1665.1,1666.7,1664.5,1666,201537
600,2023-04-18T09:15:00+0530,1670,1672.15,1665,1666,385171
601,2023-04-18T09:20:00+0530,1666.1,1666.85,1663.05,1665.75,471423
602,2023-04-18T09:25:00+0530,1666.25,1670.7,1664.5,1670.2,394520
603,2023-04-18T09:30:00+0530,1670.45,1670.85,1669,1669,369191
604,2023-04-18T09:35:00+0530,1668.8,1672.45,1667.25,1668.75,594916
605,2023-04-18T09:40:00+0530,1668.7,1673.8,1668.7,1672.05,407244
606,2023-04-18T09:45:00+0530,1671.8,1672.5,1670.55,1672.3,272202
607,2023-04-18T09:50:00+0530,1671.7,1672.55,1669.3,1669.9,207755
608,2023-04-18T09:55:00+0530,1669.85,1671.3,1669.3,1670.85,76216
609,2023-04-18T10:00:00+0530,1671.05,1671.9,1669.3,1669.65,88486
610,2023-04-18T10:05:00+0530,1669.8,1672.45,1669.55,1671.65,230848
611,2023-04-18T10:10:00+0530,1671.8,1673.4,1670.15,1672.35,228133
612,2023-04-18T10:15:00+0530,1672.35,1672.5,1670.6,1671.45,50114
613,2023-04-18T10:20:00+0530,1672,1672.35,1670.25,1671.55,62616
614,2023-04-18T10:25:00+0530,1671.75,1675,1670.55,1674.1,112241
615,2023-04-18T10:30:00+0530,1673.95,1677.05,1673.8,1676.05,149759
616,2023-04-18T10:35:00+0530,1676.05,1676.55,1673.25,1673.25,300181
617,2023-04-18T10:40:00+0530,1673.55,1674.45,1672.55,1673.2,129024
618,2023-04-18T10:45:00+0530,1673.2,1675.05,1669.1,1671.75,1131355
619,2023-04-18T10:50:00+0530,1671.9,1672.4,1669.55,1670.5,236418
620,2023-04-18T10:55:00+0530,1670.7,1670.7,1669.3,1669.6,152567
621,2023-04-18T11:00:00+0530,1669.65,1670.8,1667.8,1667.8,221072
622,2023-04-18T11:05:00+0530,1668,1670,1667,1668.05,163515
623,2023-04-18T11:10:00+0530,1668,1668.9,1667.4,1668.05,41273
624,2023-04-18T11:15:00+0530,1668.4,1670.35,1667.55,1669.95,170640
625,2023-04-18T11:20:00+0530,1670.4,1670.4,1668.5,1669.3,39238
626,2023-04-18T11:25:00+0530,1669.35,1669.95,1669,1669.5,38329
627,2023-04-18T11:30:00+0530,1669.6,1669.95,1668.05,1668.2,55977
628,2023-04-18T11:35:00+0530,1668.35,1670,1667.2,1668.45,97099
629,2023-04-18T11:40:00+0530,1668.15,1669.8,1667.65,1668.45,63950
630,2023-04-18T11:45:00+0530,1668.45,1668.45,1666.25,1666.3,114579
631,2023-04-18T11:50:00+0530,1666.35,1668.4,1666,1668.25,117356
632,2023-04-18T11:55:00+0530,1668.35,1668.95,1666.5,1666.9,117599
633,2023-04-18T12:00:00+0530,1666.9,1669,1666.55,1668.1,126649
634,2023-04-18T12:05:00+0530,1668.1,1669.8,1668.1,1669.15,111962
635,2023-04-18T12:10:00+0530,1669.4,1670.5,1669.05,1670,68928
636,2023-04-18T12:15:00+0530,1670.1,1671,1669.95,1670.2,64938
637,2023-04-18T12:20:00+0530,1670.2,1671,1669.2,1669.2,100917
638,2023-04-18T12:25:00+0530,1669.4,1671.4,1669.1,1670.15,255786
639,2023-04-18T12:30:00+0530,1670.4,1671.8,1669.35,1669.95,138179
640,2023-04-18T12:35:00+0530,1670.7,1673.1,1669.1,1672,248695
641,2023-04-18T12:40:00+0530,1672,1673,1671.25,1671.4,72437
642,2023-04-18T12:45:00+0530,1671.55,1671.8,1670.2,1670.55,150699
643,2023-04-18T12:50:00+0530,1670.55,1671.2,1669.5,1670.5,111080
644,2023-04-18T12:55:00+0530,1670,1671.95,1669.8,1671.85,65140
645,2023-04-18T13:00:00+0530,1671.95,1672.5,1671,1671,53661
646,2023-04-18T13:05:00+0530,1671.05,1672.2,1671.05,1671.7,33188
647,2023-04-18T13:10:00+0530,1671.75,1672.5,1670.5,1671.35,51778
648,2023-04-18T13:15:00+0530,1671.4,1671.5,1669.5,1671.25,113364
649,2023-04-18T13:20:00+0530,1671,1671.1,1668.35,1669.55,240782
650,2023-04-18T13:25:00+0530,1669.8,1669.8,1667.25,1667.65,71765
651,2023-04-18T13:30:00+0530,1667.65,1669.5,1666.5,1666.6,314322
652,2023-04-18T13:35:00+0530,1666.4,1667.2,1665,1665.7,137245
653,2023-04-18T13:40:00+0530,1665.85,1665.85,1662,1662.5,171715
654,2023-04-18T13:45:00+0530,1662.8,1663.8,1659,1661.55,107743
655,2023-04-18T13:50:00+0530,1661.65,1662.8,1659.5,1660.05,79263
656,2023-04-18T13:55:00+0530,1660.1,1664.3,1659.1,1663.8,138658
657,2023-04-18T14:00:00+0530,1663.75,1665,1661,1661.5,53947
658,2023-04-18T14:05:00+0530,1661.5,1662,1660,1660.35,112378
659,2023-04-18T14:10:00+0530,1660.5,1663.4,1660.5,1660.9,83999
660,2023-04-18T14:15:00+0530,1660.95,1663,1659.65,1661.4,423347
661,2023-04-18T14:20:00+0530,1661.4,1662.05,1658.35,1659.85,415676
662,2023-04-18T14:25:00+0530,1659.85,1661.75,1659.75,1661.7,203066
663,2023-04-18T14:30:00+0530,1661.7,1662.55,1658.85,1661.25,174180
664,2023-04-18T14:35:00+0530,1661.25,1661.85,1658.55,1660.4,166185
665,2023-04-18T14:40:00+0530,1660.15,1661.7,1659.9,1660.55,151309
666,2023-04-18T14:45:00+0530,1660.2,1661.8,1659.05,1661.7,177497
667,2023-04-18T14:50:00+0530,1661.8,1664,1661.6,1664,84152
668,2023-04-18T14:55:00+0530,1663.75,1664.7,1661.6,1661.7,134525
669,2023-04-18T15:00:00+0530,1662.3,1663.95,1659.05,1662.2,562348
670,2023-04-18T15:05:00+0530,1662.2,1662.8,1658,1658.65,491711
671,2023-04-18T15:10:00+0530,1658.2,1659.9,1657.6,1658.05,323115
672,2023-04-18T15:15:00+0530,1657.85,1659.6,1657.3,1658.6,259535
673,2023-04-18T15:20:00+0530,1658.6,1659,1656.7,1657.95,360171
674,2023-04-18T15:25:00+0530,1657.95,1660.2,1657.5,1660.05,140883
675,2023-04-19T09:15:00+0530,1665,1667.95,1663.9,1664.3,186203
676,2023-04-19T09:20:00+0530,1664.05,1665.8,1661.4,1662.3,105625
677,2023-04-19T09:25:00+0530,1662.3,1665.75,1661.85,1662.85,242866
678,2023-04-19T09:30:00+0530,1662.85,1664.4,1661,1663.05,177553
679,2023-04-19T09:35:00+0530,1663.05,1665.65,1661.7,1664.35,357605
680,2023-04-19T09:40:00+0530,1664.25,1664.35,1660.6,1661.8,269787
681,2023-04-19T09:45:00+0530,1661.8,1662.8,1660.1,1661.65,158720
682,2023-04-19T09:50:00+0530,1661.7,1663.5,1661.1,1662.1,98156
683,2023-04-19T09:55:00+0530,1662,1663.8,1659.6,1660.55,211763
684,2023-04-19T10:00:00+0530,1660.55,1660.95,1658.25,1659.05,136583
685,2023-04-19T10:05:00+0530,1659.05,1660.95,1657.65,1660,263686
686,2023-04-19T10:10:00+0530,1659.95,1661.7,1659.85,1661.7,105742
687,2023-04-19T10:15:00+0530,1661.7,1662.5,1661.15,1661.6,66693
688,2023-04-19T10:20:00+0530,1661.6,1662.5,1661.55,1662.4,52714
689,2023-04-19T10:25:00+0530,1662.4,1663.5,1661.6,1662.4,112155
690,2023-04-19T10:30:00+0530,1662.3,1663.5,1661.95,1663.25,79655
691,2023-04-19T10:35:00+0530,1663.3,1664,1661.55,1661.55,353306
692,2023-04-19T10:40:00+0530,1661.5,1664,1661.25,1663.1,129534
693,2023-04-19T10:45:00+0530,1663.55,1663.55,1662.4,1663.4,16337
694,2023-04-19T10:50:00+0530,1663.4,1663.5,1662.8,1663.45,13511
695,2023-04-19T10:55:00+0530,1663.4,1664,1661.85,1663.4,99968
696,2023-04-19T11:00:00+0530,1663.4,1664.85,1662.9,1664.2,335004
697,2023-04-19T11:05:00+0530,1664.3,1664.4,1663,1663.65,328626
698,2023-04-19T11:10:00+0530,1663.8,1665,1662.75,1663.7,162393
699,2023-04-19T11:15:00+0530,1663.75,1664.6,1663.05,1663.45,79286
700,2023-04-19T11:20:00+0530,1663.45,1664.2,1663,1664.15,47018
701,2023-04-19T11:25:00+0530,1664.15,1664.75,1663.2,1663.8,64467
702,2023-04-19T11:30:00+0530,1663.95,1665.3,1663.75,1665,36324
703,2023-04-19T11:35:00+0530,1665,1667,1665,1666.15,50473
704,2023-04-19T11:40:00+0530,1666.15,1666.4,1665.55,1666.3,31589
705,2023-04-19T11:45:00+0530,1666,1668.4,1665.55,1667.1,146151
706,2023-04-19T11:50:00+0530,1667.15,1667.9,1665.55,1666.5,122122
707,2023-04-19T11:55:00+0530,1666.55,1668.05,1666.15,1667.2,144319
708,2023-04-19T12:00:00+0530,1667.2,1667.8,1665.75,1667.4,123979
709,2023-04-19T12:05:00+0530,1667.15,1668.75,1666.45,1666.6,134502
710,2023-04-19T12:10:00+0530,1666.6,1668.15,1666.45,1666.7,197139
711,2023-04-19T12:15:00+0530,1666.9,1667.9,1666.6,1667.05,46829
712,2023-04-19T12:20:00+0530,1667,1668.3,1666.35,1666.45,109358
713,2023-04-19T12:25:00+0530,1666.45,1667.55,1666.25,1667.05,82341
714,2023-04-19T12:30:00+0530,1667,1668.55,1666.8,1668.35,116241
715,2023-04-19T12:35:00+0530,1668.35,1668.5,1666.2,1668,214069
716,2023-04-19T12:40:00+0530,1668,1668.2,1666.5,1667.7,282060
717,2023-04-19T12:45:00+0530,1667.7,1670.3,1667,1667.5,291213
718,2023-04-19T12:50:00+0530,1667.5,1668.8,1667.1,1667.6,165973
719,2023-04-19T12:55:00+0530,1667.8,1668,1667.55,1667.8,14183
720,2023-04-19T13:00:00+0530,1667.8,1669.15,1667.5,1669.15,81535
721,2023-04-19T13:05:00+0530,1669.1,1669.15,1665.2,1665.65,86675
722,2023-04-19T13:10:00+0530,1665.65,1665.8,1664.05,1665.15,39902
723,2023-04-19T13:15:00+0530,1665.15,1666,1664.5,1664.55,24604
724,2023-04-19T13:20:00+0530,1664.5,1666.4,1663.85,1666.4,85400
725,2023-04-19T13:25:00+0530,1666.4,1666.7,1663.65,1663.75,166636
726,2023-04-19T13:30:00+0530,1663.8,1664.75,1663.2,1664.65,75943
727,2023-04-19T13:35:00+0530,1664.6,1665,1664.05,1664.1,32903
728,2023-04-19T13:40:00+0530,1664.1,1664.5,1660.65,1661.65,60692
729,2023-04-19T13:45:00+0530,1661.95,1663.75,1660.1,1662.75,134387
730,2023-04-19T13:50:00+0530,1662.65,1663.2,1660.2,1662.65,207420
731,2023-04-19T13:55:00+0530,1662.65,1664.9,1661.2,1661.9,315565
732,2023-04-19T14:00:00+0530,1661.9,1662.85,1659.6,1660.2,352451
733,2023-04-19T14:05:00+0530,1659.6,1663,1657.7,1662.3,381702
734,2023-04-19T14:10:00+0530,1662.3,1664.2,1661.1,1662.8,134049
735,2023-04-19T14:15:00+0530,1662.6,1665.8,1662.35,1664.25,106890
736,2023-04-19T14:20:00+0530,1664.25,1665.45,1663.55,1665,25269
737,2023-04-19T14:25:00+0530,1665,1666.35,1664.65,1665.55,98984
738,2023-04-19T14:30:00+0530,1665.5,1667.25,1665.5,1665.65,159728
739,2023-04-19T14:35:00+0530,1665.65,1666,1663.55,1664.5,106080
740,2023-04-19T14:40:00+0530,1664.45,1664.75,1662.1,1663.55,137098
741,2023-04-19T14:45:00+0530,1663.3,1666.05,1662.1,1665.75,196624
742,2023-04-19T14:50:00+0530,1665.75,1666.9,1661.9,1663.85,632173
743,2023-04-19T14:55:00+0530,1663.85,1664,1662.6,1663.5,121823
744,2023-04-19T15:00:00+0530,1663.35,1665,1662.85,1664.9,60079
745,2023-04-19T15:05:00+0530,1664.95,1668.35,1664,1666,169495
746,2023-04-19T15:10:00+0530,1666,1666.4,1663.25,1666.35,461468
747,2023-04-19T15:15:00+0530,1666.35,1666.4,1662.5,1664.4,278752
748,2023-04-19T15:20:00+0530,1664.3,1667.8,1664.3,1666.05,650248
749,2023-04-19T15:25:00+0530,1666.05,1668.45,1665.6,1668,298351
750,2023-04-20T09:15:00+0530,1671.7,1673.7,1666.5,1672.3,890570
751,2023-04-20T09:20:00+0530,1672.4,1675.9,1672.4,1674.95,325272
752,2023-04-20T09:25:00+0530,1674.65,1675,1673.6,1675,307518
753,2023-04-20T09:30:00+0530,1675,1676.35,1675,1675.85,176822
754,2023-04-20T09:35:00+0530,1675.85,1677.4,1675.05,1675.75,129430
755,2023-04-20T09:40:00+0530,1675.75,1677.2,1674.5,1676,311599
756,2023-04-20T09:45:00+0530,1676.5,1676.85,1674.85,1675.75,76628
757,2023-04-20T09:50:00+0530,1675.75,1676.9,1675,1675.6,110519
758,2023-04-20T09:55:00+0530,1675.6,1675.6,1673.1,1673.65,85444
759,2023-04-20T10:00:00+0530,1673.7,1673.85,1670.35,1670.8,77249
760,2023-04-20T10:05:00+0530,1670.8,1670.8,1668.5,1668.85,253979
761,2023-04-20T10:10:00+0530,1668.85,1672.45,1668.15,1671.7,371619
762,2023-04-20T10:15:00+0530,1671.2,1673.85,1671.1,1673.85,138454
763,2023-04-20T10:20:00+0530,1673.95,1674.55,1672.5,1674.2,120714
764,2023-04-20T10:25:00+0530,1674,1674.2,1670.65,1671.75,167590
765,2023-04-20T10:30:00+0530,1671.65,1671.65,1669,1669.65,98191
766,2023-04-20T10:35:00+0530,1669.65,1670,1668.1,1668.85,99376
767,2023-04-20T10:40:00+0530,1668.8,1669,1667,1667.05,228080
768,2023-04-20T10:45:00+0530,1667.05,1670.5,1667,1670.15,325308
769,2023-04-20T10:50:00+0530,1670.4,1670.9,1668.7,1669.85,251707
770,2023-04-20T10:55:00+0530,1669.85,1673.3,1669.75,1673.1,275507
771,2023-04-20T11:00:00+0530,1673.1,1673.25,1669.15,1669.25,383484
772,2023-04-20T11:05:00+0530,1669.3,1669.95,1668.2,1668.55,157480
773,2023-04-20T11:10:00+0530,1668.6,1670.6,1668,1668.85,486630
774,2023-04-20T11:15:00+0530,1669.15,1670.65,1668.85,1670.15,124843
775,2023-04-20T11:20:00+0530,1670.05,1671.5,1669.75,1670.35,174946
776,2023-04-20T11:25:00+0530,1670.75,1671.9,1670.05,1671.8,110211
777,2023-04-20T11:30:00+0530,1671.8,1673.45,1670.6,1672.5,223569
778,2023-04-20T11:35:00+0530,1672.55,1674,1671.65,1672.9,152972
779,2023-04-20T11:40:00+0530,1672.65,1673,1671.6,1671.6,56805
780,2023-04-20T11:45:00+0530,1671.6,1671.65,1667.95,1670.85,462602
781,2023-04-20T11:50:00+0530,1670.75,1673.25,1670.1,1670.4,543562
782,2023-04-20T11:55:00+0530,1670.4,1672.55,1669.85,1671.55,148937
783,2023-04-20T12:00:00+0530,1671.55,1672.1,1671,1671.9,44836
784,2023-04-20T12:05:00+0530,1671.9,1672.05,1670,1670.75,123402
785,2023-04-20T12:10:00+0530,1670.8,1672,1669.25,1671.2,309287
786,2023-04-20T12:15:00+0530,1670.7,1671.4,1670.5,1670.9,24517
787,2023-04-20T12:20:00+0530,1670.75,1672.05,1670.75,1671.35,33228
788,2023-04-20T12:25:00+0530,1671.25,1671.75,1670.5,1671.25,36999
789,2023-04-20T12:30:00+0530,1671.55,1671.55,1669.4,1670.1,102737
790,2023-04-20T12:35:00+0530,1670.1,1671.5,1669,1669.35,357542
791,2023-04-20T12:40:00+0530,1669.35,1670.9,1668.45,1669.95,175611
792,2023-04-20T12:45:00+0530,1669.95,1670.5,1668.95,1669.7,61831
793,2023-04-20T12:50:00+0530,1669.7,1670.4,1669.25,1669.9,46838
794,2023-04-20T12:55:00+0530,1669.9,1670.45,1668.5,1670.15,140188
795,2023-04-20T13:00:00+0530,1670.1,1670.2,1667.8,1668.3,134809
796,2023-04-20T13:05:00+0530,1668.3,1670.3,1668,1668.7,297413
797,2023-04-20T13:10:00+0530,1668.7,1670.95,1668.05,1670.55,474656
798,2023-04-20T13:15:00+0530,1670.7,1671.5,1669.55,1671.35,291140
799,2023-04-20T13:20:00+0530,1671.35,1671.5,1669.2,1669.8,218710
800,2023-04-20T13:25:00+0530,1669.9,1670.4,1668.5,1670,189159
801,2023-04-20T13:30:00+0530,1669.95,1670.35,1669.6,1670.35,41573
802,2023-04-20T13:35:00+0530,1670,1671.35,1669.95,1670.7,44347
803,2023-04-20T13:40:00+0530,1670.65,1671.2,1669,1670.95,135789
804,2023-04-20T13:45:00+0530,1670.95,1671.2,1669.45,1669.8,178498
805,2023-04-20T13:50:00+0530,1669.8,1671.85,1669.7,1670.75,149299
806,2023-04-20T13:55:00+0530,1670.75,1671.5,1668.6,1669.75,188957
807,2023-04-20T14:00:00+0530,1669.7,1671.1,1669.25,1670.05,224864
808,2023-04-20T14:05:00+0530,1670.05,1670.4,1669.1,1670,195476
809,2023-04-20T14:10:00+0530,1670.4,1671.9,1669.95,1671.05,286371
810,2023-04-20T14:15:00+0530,1670.95,1672.9,1670.9,1672.75,134650
811,2023-04-20T14:20:00+0530,1672.05,1674.05,1671.2,1673.3,331475
812,2023-04-20T14:25:00+0530,1673.3,1673.4,1671.65,1673.3,120018
813,2023-04-20T14:30:00+0530,1673.2,1673.3,1670.5,1671.8,210033
814,2023-04-20T14:35:00+0530,1671.85,1672.8,1670.3,1670.35,640239
815,2023-04-20T14:40:00+0530,1670.3,1671.8,1669.05,1671.2,645147
816,2023-04-20T14:45:00+0530,1671.35,1673.1,1669.35,1671.65,478919
817,2023-04-20T14:50:00+0530,1671.65,1671.9,1669.65,1671.8,115597
818,2023-04-20T14:55:00+0530,1671.85,1673.75,1671.45,1673.1,43928
819,2023-04-20T15:00:00+0530,1673.1,1673.15,1671.05,1671.2,124842
820,2023-04-20T15:05:00+0530,1671.2,1673,1670.4,1671.15,241156
821,2023-04-20T15:10:00+0530,1671.1,1672.75,1670.65,1672.7,331474
822,2023-04-20T15:15:00+0530,1672.7,1673.35,1671.75,1672.15,228460
823,2023-04-20T15:20:00+0530,1672.5,1673.15,1670.85,1672,173106
824,2023-04-20T15:25:00+0530,1671.75,1673.75,1671,1673,128999
825,2023-04-21T09:15:00+0530,1669,1674.8,1669,1671.65,322560
826,2023-04-21T09:20:00+0530,1671.45,1673.75,1671.05,1672.5,210433
827,2023-04-21T09:25:00+0530,1672.5,1673.95,1672.1,1673.6,223395
828,2023-04-21T09:30:00+0530,1673.6,1674.25,1669.2,1670.4,360301
829,2023-04-21T09:35:00+0530,1670.45,1672,1669.45,1670.65,129927
830,2023-04-21T09:40:00+0530,1670.85,1672.3,1668,1668.45,334270
831,2023-04-21T09:45:00+0530,1668.5,1671.9,1667.7,1671.5,278849
832,2023-04-21T09:50:00+0530,1671.6,1671.6,1668.3,1669.5,161697
833,2023-04-21T09:55:00+0530,1669.5,1670,1667.5,1668.2,100454
834,2023-04-21T10:00:00+0530,1668.45,1669,1666.5,1667.05,153957
835,2023-04-21T10:05:00+0530,1666.9,1668.4,1666.25,1666.75,87972
836,2023-04-21T10:10:00+0530,1666.75,1667.8,1665.15,1667.4,139258
837,2023-04-21T10:15:00+0530,1667.4,1668.2,1665.35,1666.35,236863
838,2023-04-21T10:20:00+0530,1666.55,1668,1665.45,1667.15,118577
839,2023-04-21T10:25:00+0530,1667.15,1667.15,1665.35,1667,130259
840,2023-04-21T10:30:00+0530,1667,1668.9,1666.7,1668.9,64993
841,2023-04-21T10:35:00+0530,1668.9,1669.7,1666.15,1666.25,144682
842,2023-04-21T10:40:00+0530,1666.4,1666.6,1665.3,1665.3,213574
843,2023-04-21T10:45:00+0530,1665.3,1665.45,1663.6,1664,199640
844,2023-04-21T10:50:00+0530,1664.2,1666.6,1663.35,1666.05,175321
845,2023-04-21T10:55:00+0530,1666.05,1667.8,1664.95,1667,181713
846,2023-04-21T11:00:00+0530,1667,1667.2,1666,1666.4,57605
847,2023-04-21T11:05:00+0530,1666.4,1667.5,1665.75,1666,52175
848,2023-04-21T11:10:00+0530,1666,1666.95,1665.05,1666.8,178752
849,2023-04-21T11:15:00+0530,1666.8,1666.9,1666.25,1666.35,45847
850,2023-04-21T11:20:00+0530,1666.35,1666.5,1665.05,1666.35,207318
851,2023-04-21T11:25:00+0530,1666.5,1668.05,1666.2,1668.05,128533
852,2023-04-21T11:30:00+0530,1668.1,1669.15,1667.55,1668.1,134301
853,2023-04-21T11:35:00+0530,1668.05,1669,1668,1668.8,34743
854,2023-04-21T11:40:00+0530,1668.8,1670.2,1668.75,1669.8,59183
855,2023-04-21T11:45:00+0530,1669.8,1670.3,1669.3,1669.5,16686
856,2023-04-21T11:50:00+0530,1669.5,1670,1669,1669.9,17935
857,2023-04-21T11:55:00+0530,1669.9,1670,1669.55,1669.65,21681
858,2023-04-21T12:00:00+0530,1669.65,1669.65,1667.7,1669,24155
859,2023-04-21T12:05:00+0530,1669,1669.35,1667.7,1668.05,15093
860,2023-04-21T12:10:00+0530,1668.05,1669.75,1665.6,1668.25,298789
861,2023-04-21T12:15:00+0530,1668.25,1670.45,1665.75,1668.45,226818
862,2023-04-21T12:20:00+0530,1668.3,1668.85,1667.65,1668.65,29295
863,2023-04-21T12:25:00+0530,1668.5,1669.25,1667.6,1667.6,34846
864,2023-04-21T12:30:00+0530,1667.7,1669.5,1667.25,1668.4,110580
865,2023-04-21T12:35:00+0530,1668.4,1668.9,1668.3,1668.3,13653
866,2023-04-21T12:40:00+0530,1668.3,1669.7,1668.25,1668.9,18587
867,2023-04-21T12:45:00+0530,1668.9,1669.25,1667.7,1668.1,52848
868,2023-04-21T12:50:00+0530,1668.1,1668.2,1667,1667.7,58588
869,2023-04-21T12:55:00+0530,1667.45,1669,1666.5,1666.5,151355
870,2023-04-21T13:00:00+0530,1666.55,1667.25,1665.5,1666.7,61587
871,2023-04-21T13:05:00+0530,1666.65,1666.65,1665,1666.05,45935
872,2023-04-21T13:10:00+0530,1666.1,1666.2,1665,1665.45,23897
873,2023-04-21T13:15:00+0530,1665.75,1666.9,1665.4,1666.05,25524
874,2023-04-21T13:20:00+0530,1666.05,1667,1665.85,1666.5,27533
875,2023-04-21T13:25:00+0530,1666.5,1668.4,1666.5,1668,46535
876,2023-04-21T13:30:00+0530,1668.25,1669,1667.35,1668.3,30655
877,2023-04-21T13:35:00+0530,1668.35,1669.75,1667.7,1669.6,40327
878,2023-04-21T13:40:00+0530,1669.6,1670.6,1668,1668.05,108368
879,2023-04-21T13:45:00+0530,1668.05,1670.05,1667.7,1670.05,42413
880,2023-04-21T13:50:00+0530,1670,1672,1668.95,1671.6,201683
881,2023-04-21T13:55:00+0530,1671.55,1672.4,1669.85,1670.35,185625
882,2023-04-21T14:00:00+0530,1670.4,1672.3,1670.05,1671.55,192545
883,2023-04-21T14:05:00+0530,1671.7,1671.95,1669.35,1670.9,140935
884,2023-04-21T14:10:00+0530,1670.9,1671.65,1669.35,1670.6,89644
885,2023-04-21T14:15:00+0530,1670.6,1670.9,1670.2,1670.25,21315
886,2023-04-21T14:20:00+0530,1670.45,1671.95,1669.6,1671.6,208821
887,2023-04-21T14:25:00+0530,1671.75,1673,1671.3,1672.95,170477
888,2023-04-21T14:30:00+0530,1672.65,1675.45,1672.6,1673.5,258618
889,2023-04-21T14:35:00+0530,1673.4,1673.4,1671.65,1672.15,61296
890,2023-04-21T14:40:00+0530,1672.15,1672.35,1671.1,1672,50277
891,2023-04-21T14:45:00+0530,1672.05,1673.45,1671.9,1672.25,34867
892,2023-04-21T14:50:00+0530,1672.25,1674,1672.25,1674,131007
893,2023-04-21T14:55:00+0530,1673.95,1675.35,1673.15,1673.7,362078
894,2023-04-21T15:00:00+0530,1673.75,1675,1672.95,1674.45,302779
895,2023-04-21T15:05:00+0530,1674.4,1676.25,1673.5,1676.25,184924
896,2023-04-21T15:10:00+0530,1676.2,1676.9,1674.5,1675.65,359957
897,2023-04-21T15:15:00+0530,1675,1675.7,1672.8,1674,184887
898,2023-04-21T15:20:00+0530,1673.95,1674.7,1672.55,1674.5,196435
899,2023-04-21T15:25:00+0530,1674.45,1674.5,1672,1672,164844
900,2023-04-24T09:15:00+0530,1687,1687,1677.25,1680.3,664766
901,2023-04-24T09:20:00+0530,1680.3,1681.35,1678.65,1680.05,271563
902,2023-04-24T09:25:00+0530,1680.05,1681.1,1677.8,1680.15,490122
903,2023-04-24T09:30:00+0530,1679.8,1679.8,1676.5,1679,283717
904,2023-04-24T09:35:00+0530,1678.95,1679.6,1676.8,1677.1,353198
905,2023-04-24T09:40:00+0530,1677.15,1678.9,1674.5,1674.9,169944
906,2023-04-24T09:45:00+0530,1674.85,1677.8,1674.65,1677.7,62095
907,2023-04-24T09:50:00+0530,1677.8,1680.95,1677.15,1679,338321
908,2023-04-24T09:55:00+0530,1679.05,1679.8,1678.05,1678.25,82362
909,2023-04-24T10:00:00+0530,1678.2,1678.25,1675.65,1676.95,506170
910,2023-04-24T10:05:00+0530,1676.95,1679,1676.6,1677.75,194127
911,2023-04-24T10:10:00+0530,1677.75,1679.9,1677.55,1679.3,559165
912,2023-04-24T10:15:00+0530,1679.2,1680.65,1677.1,1678.95,627398
913,2023-04-24T10:20:00+0530,1679.2,1680.4,1678.3,1678.5,132916
914,2023-04-24T10:25:00+0530,1678.55,1678.7,1677.25,1677.95,72022
915,2023-04-24T10:30:00+0530,1677.95,1679.5,1677.3,1679.45,178402
916,2023-04-24T10:35:00+0530,1679.35,1681.45,1679.35,1680.45,439368
917,2023-04-24T10:40:00+0530,1680.45,1681.65,1680.25,1681,393738
918,2023-04-24T10:45:00+0530,1681.05,1682.35,1679.5,1679.8,202764
919,2023-04-24T10:50:00+0530,1679.8,1679.9,1677.25,1677.45,560996
920,2023-04-24T10:55:00+0530,1677.4,1678.6,1676.15,1676.35,362480
921,2023-04-24T11:00:00+0530,1676.4,1676.45,1675,1675.6,271034
922,2023-04-24T11:05:00+0530,1675.5,1676.25,1674.9,1675.2,269050
923,2023-04-24T11:10:00+0530,1675.2,1677.3,1675.15,1676,402879
924,2023-04-24T11:15:00+0530,1676.05,1677.1,1675,1676.3,284449
925,2023-04-24T11:20:00+0530,1676.25,1677.55,1675.5,1677,245315
926,2023-04-24T11:25:00+0530,1677.05,1678.55,1674.75,1675.15,598617
927,2023-04-24T11:30:00+0530,1675.2,1676.5,1674.9,1676.35,225444
928,2023-04-24T11:35:00+0530,1676.35,1676.65,1674.95,1676.65,190162
929,2023-04-24T11:40:00+0530,1676.7,1678.25,1675.7,1677.4,463478
930,2023-04-24T11:45:00+0530,1677.65,1678.4,1676.2,1676.75,108771
931,2023-04-24T11:50:00+0530,1676.75,1676.8,1675,1676.1,258688
932,2023-04-24T11:55:00+0530,1676.1,1677.35,1675.85,1676.5,115925
933,2023-04-24T12:00:00+0530,1676.5,1677.2,1675.25,1676.05,56892
934,2023-04-24T12:05:00+0530,1676.1,1677.75,1676.05,1676.4,128162
935,2023-04-24T12:10:00+0530,1676.4,1677.45,1676.3,1677.05,31844
936,2023-04-24T12:15:00+0530,1677.05,1677.45,1676.6,1676.6,36206
937,2023-04-24T12:20:00+0530,1676.6,1678.05,1676.2,1677,103318
938,2023-04-24T12:25:00+0530,1676.95,1677.65,1676,1676.5,65326
939,2023-04-24T12:30:00+0530,1676.5,1677.6,1676,1677.5,141915
940,2023-04-24T12:35:00+0530,1677.35,1678.4,1676.15,1676.55,146197
941,2023-04-24T12:40:00+0530,1676.35,1677.65,1675.6,1677.2,141463
942,2023-04-24T12:45:00+0530,1677.3,1681.8,1677.25,1681.55,230644
943,2023-04-24T12:50:00+0530,1681.35,1681.55,1679.2,1680.9,153577
944,2023-04-24T12:55:00+0530,1681,1681.95,1680.05,1681.05,163349
945,2023-04-24T13:00:00+0530,1681.05,1682.5,1680.35,1682.1,226706
946,2023-04-24T13:05:00+0530,1682.3,1683,1680.1,1682.95,127896
947,2023-04-24T13:10:00+0530,1682.9,1683.4,1682.1,1683,72185
948,2023-04-24T13:15:00+0530,1683,1684.75,1683,1683.95,123076
949,2023-04-24T13:20:00+0530,1683.95,1684.55,1683.3,1684,122279
950,2023-04-24T13:25:00+0530,1683.95,1685,1683.3,1684.65,70072
951,2023-04-24T13:30:00+0530,1684.6,1687,1684.05,1686.5,102553
952,2023-04-24T13:35:00+0530,1686.65,1688.8,1686.25,1686.9,175111
953,2023-04-24T13:40:00+0530,1686.9,1689.8,1686.2,1689.8,196784
954,2023-04-24T13:45:00+0530,1689.8,1690,1687.15,1687.8,177240
955,2023-04-24T13:50:00+0530,1687.8,1688.9,1686.6,1687.7,175319
956,2023-04-24T13:55:00+0530,1687.75,1687.75,1686.25,1686.75,85619
957,2023-04-24T14:00:00+0530,1686.8,1688.7,1686.3,1687.55,155652
958,2023-04-24T14:05:00+0530,1687.5,1689.95,1687.25,1688.55,125612
959,2023-04-24T14:10:00+0530,1688.6,1689,1687.5,1688.4,148685
960,2023-04-24T14:15:00+0530,1688.5,1688.7,1686.9,1688.7,156213
961,2023-04-24T14:20:00+0530,1688.7,1691.45,1688.45,1690.65,420463
962,2023-04-24T14:25:00+0530,1690,1691.4,1689.2,1689.95,296794
963,2023-04-24T14:30:00+0530,1689.95,1690,1687.65,1687.75,83778
964,2023-04-24T14:35:00+0530,1687.8,1688.8,1686.75,1687.75,125949
965,2023-04-24T14:40:00+0530,1687.75,1688.75,1685.9,1686.05,174103
966,2023-04-24T14:45:00+0530,1686.15,1687.8,1685.9,1687.15,129950
967,2023-04-24T14:50:00+0530,1687.3,1690.3,1687.15,1688.5,249613
968,2023-04-24T14:55:00+0530,1688.7,1690.6,1687.4,1688,336920
969,2023-04-24T15:00:00+0530,1688,1689.55,1687.65,1688.85,159236
970,2023-04-24T15:05:00+0530,1688.85,1690.35,1685,1688,484835
971,2023-04-24T15:10:00+0530,1687.8,1690.7,1687.7,1688.95,424576
972,2023-04-24T15:15:00+0530,1688.95,1690,1687.35,1688.5,250858
973,2023-04-24T15:20:00+0530,1688.8,1689,1687.2,1687.85,205647
974,2023-04-24T15:25:00+0530,1688,1689,1687.15,1688.1,196589
975,2023-04-25T09:15:00+0530,1687.7,1687.7,1680,1680.85,516373
976,2023-04-25T09:20:00+0530,1680.15,1683.4,1679.65,1683.4,493861
977,2023-04-25T09:25:00+0530,1682.85,1685,1677.5,1677.55,1144689
978,2023-04-25T09:30:00+0530,1677.55,1681.25,1677.55,1681.25,787437
979,2023-04-25T09:35:00+0530,1680.85,1682.55,1679.95,1682.55,383357
980,2023-04-25T09:40:00+0530,1682.55,1682.55,1680.3,1680.55,178133
981,2023-04-25T09:45:00+0530,1680.55,1681.7,1677.5,1680.4,827833
982,2023-04-25T09:50:00+0530,1680.45,1680.45,1678.1,1678.35,126042
983,2023-04-25T09:55:00+0530,1678.3,1681.15,1678.3,1679.15,142953
984,2023-04-25T10:00:00+0530,1679.15,1680.65,1679.15,1680.05,72929
985,2023-04-25T10:05:00+0530,1680,1680.05,1678.05,1680,131487
986,2023-04-25T10:10:00+0530,1680,1681,1678.6,1680.8,108435
987,2023-04-25T10:15:00+0530,1680.95,1682,1680.95,1681.3,204578
988,2023-04-25T10:20:00+0530,1681.25,1681.55,1678.5,1678.7,413620
989,2023-04-25T10:25:00+0530,1678.7,1679.2,1677.35,1677.45,366113
990,2023-04-25T10:30:00+0530,1677.5,1679.05,1676.3,1676.95,261089
991,2023-04-25T10:35:00+0530,1676.9,1679.45,1676.55,1679.45,391609
992,2023-04-25T10:40:00+0530,1679.4,1679.6,1677.15,1677.75,138812
993,2023-04-25T10:45:00+0530,1677.75,1677.75,1675.1,1676.25,202217
994,2023-04-25T10:50:00+0530,1676.2,1677.15,1675.95,1676.45,103709
995,2023-04-25T10:55:00+0530,1676.5,1677.45,1674.5,1675.05,169077
996,2023-04-25T11:00:00+0530,1675.05,1676.25,1673,1673.45,463780
997,2023-04-25T11:05:00+0530,1673.4,1676.35,1672.7,1674.8,681197
998,2023-04-25T11:10:00+0530,1674.75,1677.55,1674.7,1675,523894
999,2023-04-25T11:15:00+0530,1675.15,1678.1,1674.5,1675.95,425813
1000,2023-04-25T11:20:00+0530,1676,1677.45,1675.95,1677.05,186415
1001,2023-04-25T11:25:00+0530,1677.05,1677.05,1674.5,1674.5,176587
1002,2023-04-25T11:30:00+0530,1674.55,1675,1673.65,1673.75,214943
1003,2023-04-25T11:35:00+0530,1673.75,1674.5,1673.5,1673.9,159424
1004,2023-04-25T11:40:00+0530,1673.85,1673.95,1671.9,1672.65,273508
1005,2023-04-25T11:45:00+0530,1672.8,1674.55,1672,1674.5,327330
1006,2023-04-25T11:50:00+0530,1674.5,1675.35,1673.55,1674.15,219581
1007,2023-04-25T11:55:00+0530,1674.25,1675,1673,1673.9,152685
1008,2023-04-25T12:00:00+0530,1674.4,1674.45,1671.65,1671.65,400288
1009,2023-04-25T12:05:00+0530,1671.65,1673.2,1671.55,1672.5,231877
1010,2023-04-25T12:10:00+0530,1672.5,1672.65,1670.5,1672.25,222602
1011,2023-04-25T12:15:00+0530,1672.15,1672.25,1668.2,1669.4,415692
1012,2023-04-25T12:20:00+0530,1669.3,1669.9,1668.3,1668.55,134408
1013,2023-04-25T12:25:00+0530,1668.4,1669.5,1667.35,1667.5,112886
1014,2023-04-25T12:30:00+0530,1667.5,1668.4,1666.05,1666.45,170145
1015,2023-04-25T12:35:00+0530,1666.35,1666.9,1664.75,1664.85,146207
1016,2023-04-25T12:40:00+0530,1664.85,1666.55,1662.65,1662.75,278288
1017,2023-04-25T12:45:00+0530,1662.65,1666.7,1662.6,1666.7,329616
1018,2023-04-25T12:50:00+0530,1666.7,1666.7,1663.75,1665.55,232600
1019,2023-04-25T12:55:00+0530,1665.6,1668,1665.1,1668,125802
1020,2023-04-25T13:00:00+0530,1667.55,1669.5,1665.85,1668.05,528956
1021,2023-04-25T13:05:00+0530,1668.25,1669,1667.3,1667.65,97215
1022,2023-04-25T13:10:00+0530,1667.65,1668.9,1667.5,1668.75,114073
1023,2023-04-25T13:15:00+0530,1668.75,1670,1666.15,1669.2,777306
1024,2023-04-25T13:20:00+0530,1669.25,1669.95,1667.65,1669.15,282466
1025,2023-04-25T13:25:00+0530,1669.15,1669.4,1667.9,1668.95,142106
1026,2023-04-25T13:30:00+0530,1668.95,1669.7,1666.65,1668.2,467255
1027,2023-04-25T13:35:00+0530,1668.2,1669.05,1668.05,1668.95,137460
1028,2023-04-25T13:40:00+0530,1668.95,1668.95,1666.5,1668.2,299620
1029,2023-04-25T13:45:00+0530,1668.2,1669.6,1667.35,1668.4,284068
1030,2023-04-25T13:50:00+0530,1668.4,1668.4,1665,1665,186996
1031,2023-04-25T13:55:00+0530,1664.7,1667,1664,1664.95,415271
1032,2023-04-25T14:00:00+0530,1664.95,1664.95,1662.6,1664,471443
1033,2023-04-25T14:05:00+0530,1664.45,1667,1663.4,1666.2,573918
1034,2023-04-25T14:10:00+0530,1666.55,1668.9,1665.85,1668.9,192192
1035,2023-04-25T14:15:00+0530,1668.9,1668.9,1667.8,1668.2,457197
1036,2023-04-25T14:20:00+0530,1668.2,1669.7,1667.6,1668.05,436500
1037,2023-04-25T14:25:00+0530,1668,1670.15,1667.1,1667.35,434162
1038,2023-04-25T14:30:00+0530,1667.25,1668.9,1666.4,1667.45,309762
1039,2023-04-25T14:35:00+0530,1667.6,1670,1667.05,1669.3,671530
1040,2023-04-25T14:40:00+0530,1669.75,1670,1667.85,1668.7,534169
1041,2023-04-25T14:45:00+0530,1669,1670.8,1667.6,1667.6,382994
1042,2023-04-25T14:50:00+0530,1667.6,1668.7,1666.35,1667.4,296686
1043,2023-04-25T14:55:00+0530,1667.7,1667.9,1666.55,1666.85,155216
1044,2023-04-25T15:00:00+0530,1666.9,1667.2,1665.3,1665.85,254059
1045,2023-04-25T15:05:00+0530,1665.85,1667.5,1663.5,1663.5,479719
1046,2023-04-25T15:10:00+0530,1663.7,1665.4,1662.25,1664.4,592160
1047,2023-04-25T15:15:00+0530,1664.35,1665.4,1662.05,1662.65,556685
1048,2023-04-25T15:20:00+0530,1662.6,1663.6,1662,1662.45,302526
1049,2023-04-25T15:25:00+0530,1662.45,1663.95,1662.3,1663.5,294484
1050,2023-04-26T09:15:00+0530,1660,1666.7,1655.05,1658.75,546821
1051,2023-04-26T09:20:00+0530,1658.8,1662.7,1658.35,1662.7,556263
1052,2023-04-26T09:25:00+0530,1662.7,1663.1,1658.3,1659.1,640736
1053,2023-04-26T09:30:00+0530,1658.75,1661.5,1658.4,1660.75,108105
1054,2023-04-26T09:35:00+0530,1660.75,1661,1659.05,1660.75,391441
1055,2023-04-26T09:40:00+0530,1660.5,1661,1658.3,1658.55,643890
1056,2023-04-26T09:45:00+0530,1658.65,1661.85,1657.55,1658.9,261162
1057,2023-04-26T09:50:00+0530,1658.7,1660.5,1658.15,1658.3,105250
1058,2023-04-26T09:55:00+0530,1658.75,1660.9,1658.6,1660.75,65214
1059,2023-04-26T10:00:00+0530,1660.75,1660.8,1657.65,1657.85,226952
1060,2023-04-26T10:05:00+0530,1658,1659.7,1657.9,1658.8,266534
1061,2023-04-26T10:10:00+0530,1658.7,1660,1658.3,1659.9,153502
1062,2023-04-26T10:15:00+0530,1660,1662.7,1659,1662.2,343824
1063,2023-04-26T10:20:00+0530,1662.1,1663.65,1662,1662,169621
1064,2023-04-26T10:25:00+0530,1662.85,1664.5,1662.7,1664.5,111682
1065,2023-04-26T10:30:00+0530,1664.5,1666.35,1664.4,1665.2,106994
1066,2023-04-26T10:35:00+0530,1665.3,1666.3,1663.55,1666.1,226301
1067,2023-04-26T10:40:00+0530,1666.1,1667.35,1664.7,1665.75,78862
1068,2023-04-26T10:45:00+0530,1665.7,1666.85,1665.1,1666.55,85468
1069,2023-04-26T10:50:00+0530,1666.5,1667.95,1664.85,1666.7,100882
1070,2023-04-26T10:55:00+0530,1666.7,1666.8,1664.65,1666.4,334974
1071,2023-04-26T11:00:00+0530,1666.4,1667.1,1664.6,1667,254183
1072,2023-04-26T11:05:00+0530,1666.75,1668.5,1666.45,1667.6,181385
1073,2023-04-26T11:10:00+0530,1667,1669.8,1667,1668.5,103053
1074,2023-04-26T11:15:00+0530,1668.5,1670.3,1668.5,1669.15,103317
1075,2023-04-26T11:20:00+0530,1669.1,1669.4,1667.3,1667.55,160914
1076,2023-04-26T11:25:00+0530,1667.7,1670.55,1667.25,1667.3,137388
1077,2023-04-26T11:30:00+0530,1667.2,1668.75,1666.2,1667.4,93830
1078,2023-04-26T11:35:00+0530,1667.7,1669.2,1666.5,1668.6,136873
1079,2023-04-26T11:40:00+0530,1668.2,1669.3,1666.9,1668.35,201571
1080,2023-04-26T11:45:00+0530,1668.35,1669.6,1667.9,1668.8,202498
1081,2023-04-26T11:50:00+0530,1668.75,1669.05,1667.15,1668.65,106266
1082,2023-04-26T11:55:00+0530,1668.55,1670.2,1668.1,1668.4,76097
1083,2023-04-26T12:00:00+0530,1668.3,1668.4,1666.95,1668.15,96480
1084,2023-04-26T12:05:00+0530,1668.15,1668.3,1667,1668.25,44164
1085,2023-04-26T12:10:00+0530,1668.1,1668.2,1665,1665.2,44299
1086,2023-04-26T12:15:00+0530,1665.2,1667.15,1665.05,1667.1,48118
1087,2023-04-26T12:20:00+0530,1667.1,1669,1666.8,1667.65,106794
1088,2023-04-26T12:25:00+0530,1667.75,1669,1667.75,1668.6,109199
1089,2023-04-26T12:30:00+0530,1668.6,1671.2,1668.2,1670.8,255197
1090,2023-04-26T12:35:00+0530,1670.75,1672.35,1670.25,1671.5,65145
1091,2023-04-26T12:40:00+0530,1671.75,1672.65,1671,1671.3,97383
1092,2023-04-26T12:45:00+0530,1671.3,1672.95,1669.15,1669.7,249385
1093,2023-04-26T12:50:00+0530,1669.8,1671.7,1669.35,1670.6,222168
1094,2023-04-26T12:55:00+0530,1670.6,1670.6,1667.25,1668.9,250636
1095,2023-04-26T13:00:00+0530,1668.9,1669.85,1668.35,1669.4,105386
1096,2023-04-26T13:05:00+0530,1669.4,1670,1668.45,1668.65,63238
1097,2023-04-26T13:10:00+0530,1669.3,1670.7,1668.45,1670.3,71830
1098,2023-04-26T13:15:00+0530,1670.25,1671.8,1670.25,1671.35,119918
1099,2023-04-26T13:20:00+0530,1671.1,1671.5,1668.45,1668.45,133411
1100,2023-04-26T13:25:00+0530,1668.45,1671.55,1668.4,1669.55,145570
1101,2023-04-26T13:30:00+0530,1669.5,1671.05,1668.4,1668.5,259257
1102,2023-04-26T13:35:00+0530,1668.55,1669.7,1667.55,1668.7,287125
1103,2023-04-26T13:40:00+0530,1668.65,1670.4,1668,1669.9,230489
1104,2023-04-26T13:45:00+0530,1669.9,1671.4,1669.65,1670.45,107853
1105,2023-04-26T13:50:00+0530,1670.95,1671,1669,1669.9,78699
1106,2023-04-26T13:55:00+0530,1669.85,1671.45,1669.6,1670.1,160633
1107,2023-04-26T14:00:00+0530,1669.95,1671.25,1669.45,1669.55,178234
1108,2023-04-26T14:05:00+0530,1669.65,1669.95,1668.6,1668.75,214706
1109,2023-04-26T14:10:00+0530,1668.55,1671.7,1668.25,1671.65,175656
1110,2023-04-26T14:15:00+0530,1671.5,1673.3,1670.05,1670.1,129227
1111,2023-04-26T14:20:00+0530,1670.1,1671.9,1669,1669.15,148034
1112,2023-04-26T14:25:00+0530,1669.2,1670.5,1668.3,1669.6,90307
1113,2023-04-26T14:30:00+0530,1669.55,1670.9,1669.1,1669.55,74112
1114,2023-04-26T14:35:00+0530,1669.6,1671.15,1668.5,1669.55,149885
1115,2023-04-26T14:40:00+0530,1669.95,1670.7,1668.6,1669.55,125629
1116,2023-04-26T14:45:00+0530,1669.6,1671.8,1669.1,1670.8,178429
1117,2023-04-26T14:50:00+0530,1670.8,1671.8,1668.2,1670,431895
1118,2023-04-26T14:55:00+0530,1670.3,1670.5,1669.15,1670.1,168676
1119,2023-04-26T15:00:00+0530,1670.1,1670.45,1669.05,1669.95,212555
1120,2023-04-26T15:05:00+0530,1670,1672.5,1669.95,1672.1,108119
1121,2023-04-26T15:10:00+0530,1672.1,1673.5,1672.05,1673.2,96178
1122,2023-04-26T15:15:00+0530,1673.25,1673.25,1671.25,1671.35,106417
1123,2023-04-26T15:20:00+0530,1671.35,1673.85,1670.35,1673.7,181604
1124,2023-04-26T15:25:00+0530,1673.75,1675,1671.85,1675,126939
1125,2023-04-27T09:15:00+0530,1670.5,1676.3,1667.6,1669.1,453507
1126,2023-04-27T09:20:00+0530,1669.1,1673.4,1667.55,1672.45,250790
1127,2023-04-27T09:25:00+0530,1672.45,1674.4,1670.5,1673.35,152405
1128,2023-04-27T09:30:00+0530,1673.6,1674.75,1671.65,1671.75,236039
1129,2023-04-27T09:35:00+0530,1671.85,1674.3,1669.3,1671.9,256994
1130,2023-04-27T09:40:00+0530,1671.35,1673,1670,1671.6,206934
1131,2023-04-27T09:45:00+0530,1672.35,1673.65,1671.2,1672.5,230124
1132,2023-04-27T09:50:00+0530,1672.25,1673.4,1669.1,1671.65,570669
1133,2023-04-27T09:55:00+0530,1671.65,1673,1669.65,1670.35,536880
1134,2023-04-27T10:00:00+0530,1670.75,1673.7,1670.55,1672.6,559608
1135,2023-04-27T10:05:00+0530,1672.6,1674.55,1672,1674.05,359692
1136,2023-04-27T10:10:00+0530,1674.05,1675.25,1672.15,1673.5,202221
1137,2023-04-27T10:15:00+0530,1673.5,1674.2,1671.8,1673,137051
1138,2023-04-27T10:20:00+0530,1673,1673.7,1671.55,1672.7,60402
1139,2023-04-27T10:25:00+0530,1672.7,1673.85,1671.8,1672.6,70189
1140,2023-04-27T10:30:00+0530,1672.85,1674.2,1671.6,1674.2,57302
1141,2023-04-27T10:35:00+0530,1674.1,1675.15,1671.9,1672.25,349223
1142,2023-04-27T10:40:00+0530,1672.15,1672.35,1670,1670,107516
1143,2023-04-27T10:45:00+0530,1670.15,1672.7,1669.55,1672.7,351629
1144,2023-04-27T10:50:00+0530,1672.65,1675.75,1671.75,1673.35,933617
1145,2023-04-27T10:55:00+0530,1673.3,1674.65,1671.1,1671.4,609490
1146,2023-04-27T11:00:00+0530,1671.45,1672.3,1669.7,1670.5,613123
1147,2023-04-27T11:05:00+0530,1670.5,1673.8,1670,1670.9,846103
1148,2023-04-27T11:10:00+0530,1670.9,1673.45,1670.85,1671,292880
1149,2023-04-27T11:15:00+0530,1671,1674,1670.1,1672.45,694039
1150,2023-04-27T11:20:00+0530,1672.15,1674.1,1670.6,1672.5,492539
1151,2023-04-27T11:25:00+0530,1672.75,1673.5,1671.55,1672.75,117737
1152,2023-04-27T11:30:00+0530,1672.65,1673.5,1671.7,1671.75,171253
1153,2023-04-27T11:35:00+0530,1671.75,1674.2,1671.75,1672.15,462067
1154,2023-04-27T11:40:00+0530,1672.15,1673.8,1672,1672.15,256155
1155,2023-04-27T11:45:00+0530,1672.4,1672.4,1670.35,1671.5,226997
1156,2023-04-27T11:50:00+0530,1671.6,1673.35,1670.95,1671,254687
1157,2023-04-27T11:55:00+0530,1670.9,1672.5,1670.6,1671.5,225390
1158,2023-04-27T12:00:00+0530,1671.5,1672,1670.35,1671.5,105118
1159,2023-04-27T12:05:00+0530,1671.5,1671.5,1669.05,1669.3,105958
1160,2023-04-27T12:10:00+0530,1669.5,1669.5,1667.55,1668.4,97149
1161,2023-04-27T12:15:00+0530,1668.4,1668.5,1665.85,1667.5,132258
1162,2023-04-27T12:20:00+0530,1667.5,1668.15,1666,1667.75,158811
1163,2023-04-27T12:25:00+0530,1667.75,1668.9,1667.1,1668.7,253556
1164,2023-04-27T12:30:00+0530,1669,1671.4,1668.7,1670.7,399335
1165,2023-04-27T12:35:00+0530,1670.65,1671.9,1669.05,1669.85,285087
1166,2023-04-27T12:40:00+0530,1670,1671.45,1669,1671.4,168079
1167,2023-04-27T12:45:00+0530,1671.15,1671.8,1669.85,1670,147779
1168,2023-04-27T12:50:00+0530,1670,1670,1668.05,1668.85,296140
1169,2023-04-27T12:55:00+0530,1668.85,1669.4,1667.4,1669.2,209221
1170,2023-04-27T13:00:00+0530,1669.2,1671.25,1669,1671.05,231141
1171,2023-04-27T13:05:00+0530,1671.25,1671.25,1670,1670.25,35027
1172,2023-04-27T13:10:00+0530,1670.1,1671.95,1670.05,1670.8,106511
1173,2023-04-27T13:15:00+0530,1671,1673,1670.8,1673,50634
1174,2023-04-27T13:20:00+0530,1672.8,1675,1672.5,1674.95,160588
1175,2023-04-27T13:25:00+0530,1674.7,1675,1673.4,1674.6,191952
1176,2023-04-27T13:30:00+0530,1674.7,1676.4,1674.6,1675.2,175128
1177,2023-04-27T13:35:00+0530,1675.5,1675.5,1673.65,1674,152621
1178,2023-04-27T13:40:00+0530,1674.2,1675.8,1672.35,1675.25,622506
1179,2023-04-27T13:45:00+0530,1675.05,1675.8,1672.1,1673.25,485879
1180,2023-04-27T13:50:00+0530,1673.15,1674.2,1671.5,1674.15,639951
1181,2023-04-27T13:55:00+0530,1674.15,1676.8,1674.05,1676.55,333457
1182,2023-04-27T14:00:00+0530,1676.4,1677.95,1675,1676.85,219954
1183,2023-04-27T14:05:00+0530,1676.85,1678.65,1676.55,1676.8,99704
1184,2023-04-27T14:10:00+0530,1676.55,1677,1675.2,1675.25,173768
1185,2023-04-27T14:15:00+0530,1675.3,1675.55,1672.1,1673,304754
1186,2023-04-27T14:20:00+0530,1673.85,1675,1671.45,1675,184171
1187,2023-04-27T14:25:00+0530,1674.85,1675.45,1672.55,1673,123551
1188,2023-04-27T14:30:00+0530,1673,1675.8,1673,1675.5,236935
1189,2023-04-27T14:35:00+0530,1675.5,1675.8,1672.05,1673.1,455157
1190,2023-04-27T14:40:00+0530,1673.2,1675.2,1672.7,1674.4,635717
1191,2023-04-27T14:45:00+0530,1674.4,1675.9,1672.6,1675.15,350265
1192,2023-04-27T14:50:00+0530,1675.4,1677.45,1674.55,1677.25,161397
1193,2023-04-27T14:55:00+0530,1677.25,1678.7,1675.2,1677.15,254775
1194,2023-04-27T15:00:00+0530,1677.05,1680.75,1676.35,1677.6,680153
1195,2023-04-27T15:05:00+0530,1677.9,1680.6,1677.6,1678.7,506642
1196,2023-04-27T15:10:00+0530,1678.7,1681,1678,1680,593944
1197,2023-04-27T15:15:00+0530,1680,1685.15,1678.55,1683.6,774852
1198,2023-04-27T15:20:00+0530,1683.65,1684.9,1682.1,1682.5,598547
1199,2023-04-27T15:25:00+0530,1682.5,1683.45,1680,1680,247456
1200,2023-04-28T09:15:00+0530,1684.7,1684.7,1671.25,1672,550837
1201,2023-04-28T09:20:00+0530,1671.75,1675.5,1670.7,1672.55,686787
1202,2023-04-28T09:25:00+0530,1672.55,1674.8,1671.9,1672.45,268036
1203,2023-04-28T09:30:00+0530,1672.45,1675.95,1672.45,1675.95,218941
1204,2023-04-28T09:35:00+0530,1675.95,1677.4,1673.95,1675.5,261505
1205,2023-04-28T09:40:00+0530,1675.5,1678.5,1675.1,1677.8,161853
1206,2023-04-28T09:45:00+0530,1677.8,1678.9,1676.2,1677,131280
1207,2023-04-28T09:50:00+0530,1677,1678.5,1676.55,1678.45,109142
1208,2023-04-28T09:55:00+0530,1678.5,1678.5,1676,1677.5,134850
1209,2023-04-28T10:00:00+0530,1677.5,1679.5,1677.35,1677.85,162799
1210,2023-04-28T10:05:00+0530,1677.6,1678.05,1677,1677,64188
1211,2023-04-28T10:10:00+0530,1677,1677.2,1675.5,1675.6,107379
1212,2023-04-28T10:15:00+0530,1675.6,1676.8,1675.55,1676.6,39491
1213,2023-04-28T10:20:00+0530,1676.6,1678.2,1676.05,1677.75,77071
1214,2023-04-28T10:25:00+0530,1677.75,1678.45,1677.35,1678.3,69559
1215,2023-04-28T10:30:00+0530,1678.3,1678.5,1676.7,1676.75,57435
1216,2023-04-28T10:35:00+0530,1676.7,1676.75,1673.9,1674.65,198102
1217,2023-04-28T10:40:00+0530,1674.65,1675.5,1674.45,1674.8,86756
1218,2023-04-28T10:45:00+0530,1674.8,1677,1674.75,1675.75,48619
1219,2023-04-28T10:50:00+0530,1675.75,1676.6,1675.45,1676.4,54621
1220,2023-04-28T10:55:00+0530,1676.4,1677.4,1675.55,1676.95,127898
1221,2023-04-28T11:00:00+0530,1676.95,1677.75,1676.35,1676.8,99282
1222,2023-04-28T11:05:00+0530,1676.8,1677.75,1676.5,1677.3,66458
1223,2023-04-28T11:10:00+0530,1677.25,1677.5,1675.95,1676.4,63242
1224,2023-04-28T11:15:00+0530,1676.4,1677,1675.95,1676.15,38119
1225,2023-04-28T11:20:00+0530,1676.15,1676.15,1674.35,1675.2,39320
1226,2023-04-28T11:25:00+0530,1675.2,1676.85,1674,1675.1,525085
1227,2023-04-28T11:30:00+0530,1675.7,1676.9,1675,1675.55,331701
1228,2023-04-28T11:35:00+0530,1675.2,1676.8,1674.35,1676.35,131234
1229,2023-04-28T11:40:00+0530,1676.3,1676.3,1675.3,1675.5,50483
1230,2023-04-28T11:45:00+0530,1675.5,1675.5,1673.55,1674.5,82385
1231,2023-04-28T11:50:00+0530,1674.5,1676.9,1673.95,1676.75,81409
1232,2023-04-28T11:55:00+0530,1676.75,1677.3,1675.25,1676.1,163932
1233,2023-04-28T12:00:00+0530,1676.1,1678.1,1676.05,1676.8,207349
1234,2023-04-28T12:05:00+0530,1676.7,1676.9,1674.95,1674.95,354440
1235,2023-04-28T12:10:00+0530,1674.95,1675,1674,1675,276446
1236,2023-04-28T12:15:00+0530,1675,1675,1674.4,1674.4,93887
1237,2023-04-28T12:20:00+0530,1674.15,1675.85,1672,1673.8,636361
1238,2023-04-28T12:25:00+0530,1673.75,1677.75,1673.3,1677.65,438250
1239,2023-04-28T12:30:00+0530,1677.45,1678.3,1676,1677.5,464002
1240,2023-04-28T12:35:00+0530,1677.5,1678.4,1677.1,1678.2,147705
1241,2023-04-28T12:40:00+0530,1677.9,1679.2,1677.35,1679.2,62583
1242,2023-04-28T12:45:00+0530,1679.25,1679.7,1677.3,1678,79118
1243,2023-04-28T12:50:00+0530,1678,1680.85,1677.9,1680.2,149969
1244,2023-04-28T12:55:00+0530,1680.55,1681.35,1678.5,1678.7,95340
1245,2023-04-28T13:00:00+0530,1679.25,1681.5,1678.6,1679,112874
1246,2023-04-28T13:05:00+0530,1678.6,1680.6,1678.6,1678.95,47898
1247,2023-04-28T13:10:00+0530,1678.95,1679.5,1678.2,1678.7,54722
1248,2023-04-28T13:15:00+0530,1678.65,1679.75,1677.85,1679.75,49234
1249,2023-04-28T13:20:00+0530,1679.65,1680.8,1678.6,1679.45,334206
1250,2023-04-28T13:25:00+0530,1679.45,1681.4,1677.8,1677.8,466524
1251,2023-04-28T13:30:00+0530,1677.75,1679.4,1677.5,1678.05,179841
1252,2023-04-28T13:35:00+0530,1678.05,1678.95,1678,1678.9,24559
1253,2023-04-28T13:40:00+0530,1678.9,1679.85,1677.7,1679.4,76160
1254,2023-04-28T13:45:00+0530,1679.2,1680.75,1679,1680.35,176426
1255,2023-04-28T13:50:00+0530,1680.4,1681.5,1679.95,1681.5,176318
1256,2023-04-28T13:55:00+0530,1681.15,1681.9,1680.4,1680.4,94955
1257,2023-04-28T14:00:00+0530,1680.5,1682.15,1679.2,1679.35,226816
1258,2023-04-28T14:05:00+0530,1679.4,1679.95,1677.55,1679.95,197139
1259,2023-04-28T14:10:00+0530,1679.95,1680,1678.35,1678.5,114484
1260,2023-04-28T14:15:00+0530,1678.45,1679.35,1677.8,1678.9,74774
1261,2023-04-28T14:20:00+0530,1678.8,1678.9,1677.15,1677.8,39076
1262,2023-04-28T14:25:00+0530,1677.8,1679.8,1676.5,1679.35,92009
1263,2023-04-28T14:30:00+0530,1679.3,1682.05,1678.25,1680.25,433545
1264,2023-04-28T14:35:00+0530,1680.05,1683.6,1679.35,1682.6,143091
1265,2023-04-28T14:40:00+0530,1682.6,1685.7,1682.55,1685.7,124356
1266,2023-04-28T14:45:00+0530,1685.7,1686.05,1682,1682,177861
1267,2023-04-28T14:50:00+0530,1682,1683.7,1681.25,1681.25,220022
1268,2023-04-28T14:55:00+0530,1681.25,1682,1678.6,1678.6,247729
1269,2023-04-28T15:00:00+0530,1678.6,1687.55,1678.6,1686.7,450094
1270,2023-04-28T15:05:00+0530,1686.75,1688.85,1686.35,1688.5,253995
1271,2023-04-28T15:10:00+0530,1688.45,1689,1686.7,1686.9,181629
1272,2023-04-28T15:15:00+0530,1686.65,1690,1685.65,1689.35,279328
1273,2023-04-28T15:20:00+0530,1689.35,1690.9,1688.4,1690.8,253843
1274,2023-04-28T15:25:00+0530,1690.9,1691,1686.2,1687.15,169567
1275,2023-05-02T09:15:00+0530,1688.7,1693.05,1685.35,1692.4,359846
1276,2023-05-02T09:20:00+0530,1692.4,1695.8,1690.2,1694.85,214961
1277,2023-05-02T09:25:00+0530,1694.35,1697.55,1693.25,1697.55,147554
1278,2023-05-02T09:30:00+0530,1697.6,1697.95,1694.2,1694.6,205245
1279,2023-05-02T09:35:00+0530,1694.55,1697.95,1694.55,1695.65,130446
1280,2023-05-02T09:40:00+0530,1695.4,1696,1694.25,1695.9,124015
1281,2023-05-02T09:45:00+0530,1695.9,1698.4,1694.25,1696.8,436041
1282,2023-05-02T09:50:00+0530,1696.8,1697,1694.25,1697,478783
1283,2023-05-02T09:55:00+0530,1696.8,1697.4,1694.55,1697.4,131328
1284,2023-05-02T10:00:00+0530,1697.25,1698.9,1695.9,1696.85,217158
1285,2023-05-02T10:05:00+0530,1696.8,1698.7,1696.75,1698.25,95096
1286,2023-05-02T10:10:00+0530,1698.25,1698.75,1696.55,1696.9,89594
1287,2023-05-02T10:15:00+0530,1696.8,1697.5,1696.45,1696.65,49454
1288,2023-05-02T10:20:00+0530,1696.45,1696.65,1694.1,1694.25,130297
1289,2023-05-02T10:25:00+0530,1694.25,1695,1693.55,1694.4,72361
1290,2023-05-02T10:30:00+0530,1694,1694.5,1692.8,1694.5,106999
1291,2023-05-02T10:35:00+0530,1694.65,1694.8,1693.2,1693.9,101564
1292,2023-05-02T10:40:00+0530,1693.9,1693.9,1691,1692.9,104142
1293,2023-05-02T10:45:00+0530,1692.9,1695.25,1692.75,1694.15,144569
1294,2023-05-02T10:50:00+0530,1694.1,1696.1,1694.05,1695.3,236680
1295,2023-05-02T10:55:00+0530,1695.05,1696.4,1694.15,1695.25,146538
1296,2023-05-02T11:00:00+0530,1695.25,1696.5,1692.75,1693.05,219570
1297,2023-05-02T11:05:00+0530,1693.25,1694,1691.4,1692.75,399753
1298,2023-05-02T11:10:00+0530,1692.75,1693.15,1690,1691.4,222502
1299,2023-05-02T11:15:00+0530,1691.4,1694.2,1691.05,1694.2,240821
1300,2023-05-02T11:20:00+0530,1694.35,1694.55,1692.2,1693.5,161976
1301,2023-05-02T11:25:00+0530,1693.55,1695,1693.5,1694.4,101819
1302,2023-05-02T11:30:00+0530,1694.35,1694.35,1692.5,1693.75,34847
1303,2023-05-02T11:35:00+0530,1693.65,1693.8,1692.8,1693.1,20613
1304,2023-05-02T11:40:00+0530,1693.1,1695,1693,1694.75,53279
1305,2023-05-02T11:45:00+0530,1694.7,1695.6,1693.25,1695.55,94785
1306,2023-05-02T11:50:00+0530,1695.85,1696,1694.85,1695.25,56477
1307,2023-05-02T11:55:00+0530,1695.15,1695.45,1692.85,1693.45,73134
1308,2023-05-02T12:00:00+0530,1693.5,1694.5,1692.9,1693,82120
1309,2023-05-02T12:05:00+0530,1693,1693,1690.8,1692.35,110218
1310,2023-05-02T12:10:00+0530,1692.3,1695.6,1692.3,1695.35,141123
1311,2023-05-02T12:15:00+0530,1695.3,1696.75,1694.5,1696.1,307050
1312,2023-05-02T12:20:00+0530,1696.1,1696.7,1694.75,1694.9,81319
1313,2023-05-02T12:25:00+0530,1694.9,1696.9,1694.75,1696.2,86908
1314,2023-05-02T12:30:00+0530,1696.15,1696.85,1693.9,1694.85,193312
1315,2023-05-02T12:35:00+0530,1694.8,1694.85,1692.4,1693.6,256129
1316,2023-05-02T12:40:00+0530,1693.6,1694.25,1692.85,1694.2,55565
1317,2023-05-02T12:45:00+0530,1693.65,1694.65,1693.4,1693.75,65354
1318,2023-05-02T12:50:00+0530,1693.3,1694.6,1692.6,1694.4,91651
1319,2023-05-02T12:55:00+0530,1694.25,1696.7,1691.55,1695.5,575337
1320,2023-05-02T13:00:00+0530,1695.45,1696.1,1693.9,1694.45,136927
1321,2023-05-02T13:05:00+0530,1694.5,1694.5,1693,1693.35,108167
1322,2023-05-02T13:10:00+0530,1693.35,1693.35,1691.7,1691.85,182806
1323,2023-05-02T13:15:00+0530,1691.85,1693,1691.8,1692,110191
1324,2023-05-02T13:20:00+0530,1691.95,1692.6,1691.9,1692.4,65033
1325,2023-05-02T13:25:00+0530,1692.4,1692.4,1690.95,1691.35,108366
1326,2023-05-02T13:30:00+0530,1691.3,1691.5,1690.5,1691.5,200609
1327,2023-05-02T13:35:00+0530,1691.45,1691.5,1689.6,1691,187724
1328,2023-05-02T13:40:00+0530,1691,1694.4,1689.85,1692.25,421389
1329,2023-05-02T13:45:00+0530,1692.05,1692.8,1690.65,1692.55,545193
1330,2023-05-02T13:50:00+0530,1692.55,1693.7,1692.05,1693.1,313727
1331,2023-05-02T13:55:00+0530,1693.1,1695.9,1693.1,1693.4,320628
1332,2023-05-02T14:00:00+0530,1693.65,1694.05,1691.3,1691.35,281898
1333,2023-05-02T14:05:00+0530,1691.35,1693.4,1690.25,1692.35,378424
1334,2023-05-02T14:10:00+0530,1692.3,1692.65,1691,1691.7,344646
1335,2023-05-02T14:15:00+0530,1691.6,1691.7,1690.4,1690.85,118876
1336,2023-05-02T14:20:00+0530,1690.8,1691.55,1689.3,1690.9,165692
1337,2023-05-02T14:25:00+0530,1690.9,1693.6,1690.55,1693.5,214364
1338,2023-05-02T14:30:00+0530,1693.55,1694.25,1691.15,1691.3,318889
1339,2023-05-02T14:35:00+0530,1691.3,1693.85,1690.65,1691.35,440033
1340,2023-05-02T14:40:00+0530,1691.3,1694.05,1691.3,1691.75,391583
1341,2023-05-02T14:45:00+0530,1691.75,1692.5,1690.1,1690.3,183774
1342,2023-05-02T14:50:00+0530,1690.35,1691.25,1687,1690.6,152947
1343,2023-05-02T14:55:00+0530,1690.6,1692.4,1690,1692.15,356362
1344,2023-05-02T15:00:00+0530,1692.15,1692.8,1689.2,1690.45,339784
1345,2023-05-02T15:05:00+0530,1690.5,1690.6,1687.55,1690.35,414027
1346,2023-05-02T15:10:00+0530,1690.35,1692.7,1685.75,1685.75,547784
1347,2023-05-02T15:15:00+0530,1686.05,1686.65,1682.55,1684.05,540934
1348,2023-05-02T15:20:00+0530,1684.25,1687.5,1683.15,1683.8,324980
1349,2023-05-02T15:25:00+0530,1683.8,1684.95,1682.05,1682.9,219808
1350,2023-05-02T15:30:00+0530,1682.9,1682.9,1682.9,1682.9,0
